tree
version=v4
num_class=1
num_tree_per_iteration=1
label_index=0
max_feature_idx=8
objective=regression
feature_names=day_of_week is_weekend month day_of_year lag_1d lag_7d rolling_mean_7d rolling_std_7d rolling_mean_30d
feature_infos=[0:6] [0:1] [1:12] [1:365] [0.013050000000000001:36.377652777777783] [0.013050000000000001:36.377652777777783] [0.3856214682539682:25.037578452380952] [0.017619171455357522:12.404204305745957] [1.1786316203703704:22.545481287037035]
tree_sizes=2701 2770 2831 2841 2801 2819 2785 2834 2802 2895 2839 2811 2823 2836 2791 2774 2908 2870 2828 2827 2871 2883 2890 2903 2869 2899 2898 2912 2982 2883 2875 2888 2922 2984 2873 2931 3014 2968 2946 2906 2986 3007 2948 2936 2886 2939 2902 2994 2920 2946 2921 2915 2948 2972

Tree=0
num_leaves=31
num_cat=0
split_feature=6 4 4 5 4 5 3 4 8 5 4 8 0 0 0 0 5 4 3 2 5 6 4 8 6 3 4 3 7 7
split_gain=32195.3 3757.82 3137.15 1262.07 1007.26 1089.07 716.056 562.449 435.739 414.553 391.295 352.403 236.279 223.012 206.924 303.05 223.845 196.81 194.081 164.245 144.456 141.293 138.695 128.01 122.876 116.273 110.881 105.153 103.123 132.529
threshold=10.448139226190479 14.625806388888892 5.1916847222222229 19.603653194444448 6.5681638888888898 16.620181666666667 55.500000000000007 22.312278333333335 15.003059990740743 15.279502222222224 14.114825833333335 7.6601629212962967 1.0000000180025095e-35 3.5000000000000004 4.5000000000000009 5.5000000000000009 19.903467638888895 8.1141669444444471 353.50000000000006 8.5000000000000018 23.459949583333337 16.987041329365084 16.663287777777782 15.987528509259262 18.297392242063498 111.50000000000001 9.6874291666666696 14.500000000000002 5.4398107957003257 3.4588063719345814
decision_type=2 2 2 2 2 2 2 2 2 2 2 2 2 2 2 2 2 2 2 2 2 2 2 2 2 2 2 2 2 2
left_child=2 4 6 7 19 8 -1 9 17 18 11 -4 -9 -5 16 20 25 -6 21 -2 -16 -3 -15 -14 -24 -7 -13 -10 29 -29
right_child=1 3 10 13 5 14 -8 12 27 -11 -12 26 23 22 15 -17 -18 -19 -20 -21 -22 -23 24 -25 -26 -27 -28 28 -30 -31
leaf_value=11.083547477188871 11.322502193142846 11.726926662629465 11.392181524739472 11.924029170237631 11.425566785517985 11.952570929308411 11.283741821124513 11.793773474207448 11.914268134743896 11.86697496367187 11.667455841313727 11.445689317847922 11.921522836126131 11.948566387210072 11.927610048564901 11.716560518951145 11.64330784734803 11.641089393476573 11.903382175963953 11.543828342965172 12.149525529491196 11.829398179937897 12.023357345572041 12.089667974621978 12.168996318745682 11.783605988639662 11.5019644577583 11.847191347391334 11.829416420682241 11.657176653271268
leaf_weight=67 19 169 334 58 10.999999999999998 15.999999999999998 134 14.999999999999998 9.9999999999999982 158 18 377 19 23 22 12.999999999999998 20 286 22 14.999999999999998 10.999999999999998 42 30 28 28 28 114 11.999999999999998 23 39
leaf_count=67 19 169 334 58 11 16 134 15 10 158 18 377 19 23 22 13 20 286 22 15 11 42 30 28 28 28 114 12 23 39
internal_value=11.5941 11.7807 11.3945 11.8671 11.6833 11.7016 11.217 11.8266 11.6615 11.8045 11.4368 11.4318 11.9666 11.9989 11.8401 11.921 11.782 11.6331 11.7621 11.4201 12.0016 11.7473 12.0525 12.0217 12.0937 11.845 11.4588 11.7621 11.7415 11.7019
internal_weight=0 1117 1044 592 525 491 201 453 381 391 843 825 62 139 110 46 64 297 233 34 33 211 81 47 58 44 491 84 74 51
internal_count=2161 1117 1044 592 525 491 201 453 381 391 843 825 62 139 110 46 64 297 233 34 33 211 81 47 58 44 491 84 74 51
is_linear=0
shrinkage=1


Tree=1
num_leaves=31
num_cat=0
split_feature=6 4 4 5 4 5 3 4 8 5 4 8 0 0 0 0 5 4 3 2 5 6 4 8 6 2 0 4 5 3
split_gain=29056.3 3391.43 2831.27 1139.02 909.049 982.884 653.234 507.61 393.254 374.134 353.144 318.044 213.242 201.269 186.749 273.503 202.02 177.621 175.158 148.231 131.126 127.517 125.173 115.529 110.895 105.811 101.943 100.609 96.7367 94.9002
threshold=10.448139226190479 14.625806388888892 5.1916847222222229 19.603653194444448 6.5681638888888898 16.620181666666667 50.500000000000007 22.312278333333335 15.003059990740743 15.279502222222224 14.114825833333335 7.6601629212962967 1.0000000180025095e-35 3.5000000000000004 4.5000000000000009 5.5000000000000009 19.903467638888895 8.1141669444444471 353.50000000000006 8.5000000000000018 23.041082361111116 16.987041329365084 16.663287777777782 15.987528509259262 18.297392242063498 5.5000000000000009 4.5000000000000009 9.8918480555555579 12.902444027777779 14.500000000000002
decision_type=2 2 2 2 2 2 2 2 2 2 2 2 2 2 2 2 2 2 2 2 2 2 2 2 2 2 2 2 2 2
left_child=2 4 6 7 19 8 -1 9 17 18 11 -4 -9 -5 16 20 25 -6 21 -2 -16 -3 -15 -14 -24 -7 -25 -13 -19 -10
right_child=1 3 10 13 5 14 -8 12 29 -11 -12 27 23 22 15 -17 -18 28 -20 -21 -22 -23 24 26 -26 -27 -28 -29 -30 -31
leaf_value=-0.50153903542903433 -0.25805350384233811 0.12614973835294416 -0.19185813676543581 0.31339711356779626 -0.16014213670383803 0.32330245733261109 -0.3015603663555036 0.18965420444806419 0.30412413299083713 0.25919562864435625 0.069652461177772948 -0.13977105750266133 0.31101610421350134 0.33670747189418132 0.30151744359417965 0.1163019054211103 0.046711867498233917 0.024096121249246719 0.29378247315233408 -0.047793664435545606 0.50318218980516705 0.22349768021986602 0.4077588796615601 0.39964346786340083 0.54611591441290719 0.16758342497050763 0.59875288486480693 -0.082702822828044503 0.085836628309058915 0.14001704847339441
leaf_weight=57 19 169 334 58 10.999999999999998 20 144 14.999999999999998 9.9999999999999982 158 18 395 19 23 19 12.999999999999998 20 191 22 14.999999999999998 13.999999999999998 42 30 18 28 24 10.000000000000002 96 95 74
leaf_count=57 19 169 334 58 11 20 144 15 10 158 18 395 19 23 19 13 20 191 22 15 14 42 30 18 28 24 10 96 95 74
internal_value=0 0.17725 -0.189644 0.259295 0.0847342 0.102048 -0.358271 0.220878 0.0640362 0.199801 -0.149438 -0.154218 0.353794 0.384499 0.233705 0.31055 0.178473 0.0370211 0.159525 -0.165292 0.387072 0.145527 0.435411 0.406179 0.474552 0.238365 0.470754 -0.128613 0.0446043 0.159554
internal_weight=0 1117 1044 592 525 491 201 453 381 391 843 825 62 139 110 46 64 297 233 34 33 211 81 47 58 44 28 491 286 84
internal_count=2161 1117 1044 592 525 491 201 453 381 391 843 825 62 139 110 46 64 297 233 34 33 211 81 47 58 44 28 491 286 84
is_linear=0
shrinkage=0.05


Tree=2
num_leaves=31
num_cat=0
split_feature=6 4 4 4 5 5 3 4 4 7 4 8 8 5 0 0 0 7 0 3 2 3 4 7 8 8 8 8 0 7
split_gain=26223.3 3078.22 2555.22 957.58 1021.2 746.418 589.724 337.88 327.882 409.746 327.049 289.633 277.96 221.171 192.451 180.744 256.929 149.134 138.12 136.077 133.778 131.216 120.846 113.06 107.415 105.657 104.265 96.9193 92.0037 91.5796
threshold=10.448139226190479 15.931230000000001 5.1916847222222229 10.575339166666668 16.125023888888894 19.603653194444448 55.500000000000007 22.312278333333335 6.5681638888888898 5.999805399151259 11.846322361111113 15.344892773148151 7.6601629212962967 15.279502222222224 1.0000000180025095e-35 4.5000000000000009 5.5000000000000009 1.8609346295635822 2.5000000000000004 358.50000000000006 8.5000000000000018 336.50000000000006 16.663287777777782 4.0583417479326167 15.987528509259262 12.788533148148149 15.987528509259262 8.9871577916666681 4.5000000000000009 3.6652935849863693
decision_type=2 2 2 2 2 2 2 2 2 2 2 2 2 2 2 2 2 2 2 2 2 2 2 2 2 2 2 2 2 2
left_child=2 3 6 8 11 7 -1 13 20 25 12 27 -4 19 -9 17 -17 -6 21 -3 -2 -7 -20 -12 -19 -10 -16 -5 -28 -26
right_child=1 5 10 4 15 18 -8 14 9 -11 23 -13 -14 -15 26 16 -18 24 22 -21 -22 -23 -24 -25 29 -27 28 -29 -30 -31
leaf_value=-0.46147591391606113 -0.24515083079275335 0.15415895820914449 -0.18521770461009754 -0.026864339091948103 0.3760823024809361 0.24474750469470849 -0.27979783925936735 0.18017149468262991 -0.070323330834507952 0.32684581404930219 -0.066860217144412384 0.16729287201740656 -0.12507270077392774 0.25773822144294778 0.29546529556575574 0.36232569139936699 0.12402967875202497 0.12260204269938793 0.25602384567260744 0.33665678501129154 -0.045403976639111839 0.43114249535969329 0.44273055122448857 0.10035510162512462 0.3367951950856618 0.043222823990176303 0.37966130640771656 0.070864433146392306 0.56881523609161355 0.17459842692250793
leaf_weight=67 19 143 323 28 9.9999999999999982 29 134 14.999999999999998 40 9.9999999999999982 31 83 474 120 19 46 14.999999999999998 48 9.9999999999999982 10.999999999999998 14.999999999999998 13.999999999999998 65 14.999999999999998 13.999999999999998 42 18 270 10.000000000000002 23
leaf_count=67 19 143 323 28 10 29 134 15 40 10 31 83 474 120 19 46 15 48 10 11 15 14 65 15 14 42 18 270 10 23
internal_value=0 0.168388 -0.180162 0.0997021 0.128809 0.268693 -0.340357 0.230699 -0.0243495 0.0246835 -0.141966 0.084689 -0.149448 0.206849 0.336104 0.236564 0.303728 0.193438 0.376876 0.167195 -0.157027 0.305434 0.417836 -0.0123335 0.171951 -0.0121655 0.38587 0.0616819 0.447216 0.23597
internal_weight=0 1117 1044 663 537 454 201 336 126 92 843 381 797 274 62 156 61 95 118 154 34 43 75 46 85 82 47 298 28 37
internal_count=2161 1117 1044 663 537 454 201 336 126 92 843 381 797 274 62 156 61 95 118 154 34 43 75 46 85 82 47 298 28 37
is_linear=0
shrinkage=0.05


Tree=3
num_leaves=31
num_cat=0
split_feature=6 4 4 4 5 5 3 4 7 4 4 8 5 6 0 8 4 0 0 7 5 3 8 0 2 3 4 5 7 8
split_gain=23666.5 2778.1 2306.09 867.118 936.633 673.643 538.248 317.849 356.043 304.936 303.443 253.615 199.607 174.195 172.073 165.344 162.403 156.785 194.206 126.88 126.571 206.758 126.255 124.653 120.735 119.045 109.063 98.1639 131.345 90.3043
threshold=10.448139226190479 15.931230000000001 5.1916847222222229 10.866405833333335 16.125023888888894 19.603653194444448 50.500000000000007 6.5681638888888898 5.999805399151259 22.312278333333335 9.617312916666668 15.344892773148151 15.279502222222224 19.989060059523812 1.0000000180025095e-35 7.7828497546296314 14.114825833333335 4.5000000000000009 5.5000000000000009 1.8609346295635822 12.397224722222225 344.50000000000006 15.987528509259262 2.5000000000000004 8.5000000000000018 342.50000000000006 16.663287777777782 15.081980694444447 4.3879801818755766 8.9871577916666681
decision_type=2 2 2 2 2 2 2 2 2 2 2 2 2 2 2 2 2 2 2 2 2 2 2 2 2 2 2 2 2 2
left_child=2 3 6 7 11 9 -1 24 27 12 15 29 20 14 -11 -4 -12 19 -19 -6 21 -3 -16 25 -2 -7 -25 -9 -29 -5
right_child=1 5 10 4 17 23 -8 8 -10 13 16 -13 -14 -15 22 -17 -18 18 -20 -21 -22 -23 -24 26 -26 -27 -28 28 -30 -31
leaf_value=-0.45338828814657117 -0.23289328609642232 0.16742406654086983 -0.17721782037387454 -0.025521123196397513 0.35727818688377738 0.235397695718954 -0.27186162513680756 -0.03684345844173522 0.31050352022051814 0.1250083435040254 -0.093346090453233943 0.15892822729894915 0.24485130970366301 0.51041375637054454 0.23788820107777917 -0.12710713241527924 0.064867978460258921 0.34571240117604085 0.13190416278583664 0.1686295520934481 0.11852764895748953 0.38914279479246877 0.41834817840939476 0.24322264671325683 -0.043133778671423595 0.41654295050180878 0.42059402841788079 0.18366671694176534 -0.029277990559736889 0.068931438654887808
leaf_weight=57 19 55 310 28 9.9999999999999982 30 144 66 9.9999999999999982 12.999999999999998 164 83 120 9.9999999999999982 18 351 18 44 13.999999999999998 82 86 12.999999999999998 21 9.9999999999999982 14.999999999999998 12.999999999999998 65 14.000000000000002 14.999999999999998 263
leaf_count=57 19 55 310 28 10 30 144 66 10 13 164 83 120 10 18 351 18 44 14 82 86 13 21 10 15 13 65 14 15 263
internal_value=0 0.159968 -0.171154 0.094717 0.124168 0.255258 -0.323339 -0.0163054 0.0267193 0.219164 -0.134867 0.0818327 0.196506 0.319299 0.282546 -0.150608 -0.0776985 0.229723 0.294104 0.189135 0.158835 0.209811 0.335059 0.358032 -0.149176 0.290163 0.396945 -0.00315267 0.0735229 0.0598432
internal_weight=0 1117 1044 663 524 454 201 139 105 336 843 374 274 62 52 661 182 150 58 92 154 68 39 118 34 43 75 95 29 291
internal_count=2161 1117 1044 663 524 454 201 139 105 336 843 374 274 62 52 661 182 150 58 92 154 68 39 118 34 43 75 95 29 291
is_linear=0
shrinkage=0.05


Tree=4
num_leaves=31
num_cat=0
split_feature=6 4 4 5 4 5 3 4 8 4 5 0 0 4 4 8 3 0 0 5 4 5 2 6 3 6 5 8 6 5
split_gain=21359 2512.14 2083.09 843.631 667.339 756.169 419.846 372.193 302.006 301.166 265.78 157.336 154.588 150.01 146.569 139.443 134.601 132.429 206.763 168.524 123.164 117.468 113.618 110.055 104.498 155.733 100.107 185.773 97.0594 94.8575
threshold=10.448139226190479 14.625806388888892 4.7455594444444449 19.603653194444448 6.6169400000000005 16.620181666666667 55.500000000000007 22.312278333333335 15.003059990740743 9.617312916666668 15.279502222222224 1.0000000180025095e-35 3.5000000000000004 8.1141669444444471 14.114825833333335 7.7828497546296314 353.50000000000006 4.5000000000000009 5.5000000000000009 19.903467638888895 6.8382748611111124 23.041082361111116 8.5000000000000018 16.987041329365084 10.500000000000002 18.297392242063498 13.036447361111113 15.656359513888891 16.92457563492064 16.620181666666667
decision_type=2 2 2 2 2 2 2 2 2 2 2 2 2 2 2 2 2 2 2 2 2 2 2 2 2 2 2 2 2 2
left_child=2 4 6 7 22 8 -1 10 13 15 16 -9 -5 -6 -11 -4 23 19 21 -7 -17 -19 -2 -3 -14 28 -13 -28 -26 -12
right_child=1 3 9 12 5 17 -8 11 -10 14 29 26 24 -15 -16 20 -18 18 -20 -21 -22 -23 -24 -25 25 -27 27 -29 -30 -31
leaf_value=-0.42110043470676128 -0.22124862984607094 0.10725301378379032 -0.17020982923711481 0.26802212802596909 -0.15067697871815078 0.2101826524192637 -0.26054692228042753 0.16234313309192661 0.13789423323801853 -0.088678785399874546 0.2717168985092539 0.4803415593775836 0.23877367476622263 0.037483433600176468 0.061624579628308619 -0.20356804911385884 0.25521762940016662 0.25359147630239787 0.099141231379829928 0.031998756959250099 -0.11439837118100388 0.4444653528077262 -0.040409853495657448 0.19769061158100765 0.38872264215239771 0.48685802015764956 0.12484913975000383 0.37843548893355411 0.22243296779119054 0.19162460531700742
leaf_weight=65 19 169 321 58 10.999999999999998 44 109 14.999999999999998 84 164 59 10.999999999999998 11.999999999999998 286 18 44 22 19 12.999999999999998 19 323 13.999999999999998 15.999999999999998 42 27 29 9.9999999999999982 26 12.999999999999998 99
leaf_count=65 19 169 321 58 11 44 109 15 84 164 59 11 12 286 18 44 22 19 13 19 323 14 16 42 27 29 10 26 13 99
internal_value=0 0.15197 -0.162596 0.222583 0.0723452 0.0874113 -0.320524 0.18952 0.0541888 -0.13101 0.171472 0.303334 0.330335 0.0305145 -0.0738136 -0.146141 0.137526 0.203538 0.268035 0.156445 -0.125089 0.334568 -0.138579 0.125255 0.374954 0.398638 0.348331 0.307995 0.334678 0.221532
internal_weight=0 1117 1044 592 525 490 174 453 381 870 391 62 139 297 182 688 233 109 46 63 367 33 35 211 81 69 47 36 40 158
internal_count=2161 1117 1044 592 525 490 174 453 381 870 391 62 139 297 182 688 233 109 46 63 367 33 35 211 81 69 47 36 40 158
is_linear=0
shrinkage=0.05


Tree=5
num_leaves=31
num_cat=0
split_feature=6 4 4 4 5 5 3 7 4 7 4 3 8 8 8 0 0 5 5 7 6 4 8 7 7 8 7 6 6 8
split_gain=19276.5 2284.73 1884.05 723.362 767.688 548.99 440.438 277.076 252.55 311.801 246.225 242.214 231.537 206.524 165.914 129.713 159.807 129.241 151.467 114.648 110.685 110.543 102.611 131.532 137.983 87.6519 150.548 81.5498 112.098 81.5446
threshold=10.448139226190479 15.931230000000001 5.1916847222222229 10.866405833333335 16.125023888888894 19.603653194444448 50.500000000000007 4.8512667519522177 6.5681638888888898 5.999805399151259 25.944082361111114 356.50000000000006 7.6601629212962967 15.344892773148151 16.182321527777784 4.5000000000000009 5.5000000000000009 15.279502222222224 9.8607133333333348 1.8609346295635822 13.078063511904764 9.8918480555555579 18.113619069444447 5.1820783787200924 3.8047809031058146 12.156515157407409 3.9203604854751881 13.201014206349209 14.885307341269842 15.987528509259262
decision_type=2 2 2 2 2 2 2 2 2 2 2 2 2 2 2 2 2 2 2 2 2 2 2 2 2 2 2 2 2 2
left_child=2 3 6 8 13 10 -1 12 20 27 11 17 -4 -5 -13 19 -17 18 -3 -6 -2 -14 -7 24 -24 -19 -27 -10 -29 -21
right_child=1 5 7 4 15 22 -8 -9 9 -11 -12 14 21 -15 -16 16 -18 25 -20 29 -22 -23 23 -25 -26 26 -28 28 -30 -31
leaf_value=-0.40966385414725859 -0.044429383383077739 0.25970724895596503 -0.15724135850936438 0.05392551342044602 0.33057353615760809 0.29017682783305648 -0.2454568079672754 0.098913238782967844 -0.049756814137101174 0.2877140964567661 0.36833851918578153 0.16029579108580941 -0.11531617508172685 0.14333953409601588 0.41190888066040848 0.313033447211439 0.11908251643180848 0.34628757184202019 0.12353904266318266 0.10603635905517472 -0.22485806573839751 -0.055959836545647415 0.41215201795101158 0.54571732044219967 0.18468014478683473 0.23253690596012511 0.10225416885688901 0.087909640853895868 -0.095718952471559704 0.20623631567467712
leaf_weight=57 17 24 338 291 9.9999999999999982 78 144 13.999999999999998 50 9.9999999999999982 20 10.000000000000002 393 83 19 44 13.999999999999998 10.999999999999998 137 45 17 98 20.000000000000004 9.9999999999999982 9.9999999999999982 85 30 34 10.999999999999998 37
leaf_count=57 17 24 338 291 10 78 144 14 50 10 20 10 393 83 19 44 14 11 137 45 17 98 20 10 10 85 30 34 11 37
internal_value=0 0.144371 -0.154466 0.0851971 0.112096 0.230786 -0.292023 -0.121668 -0.0162055 0.0221459 0.198203 0.187435 -0.125393 0.0737687 0.325146 0.207658 0.266218 0.17352 0.143837 0.17074 -0.134644 -0.103469 0.323566 0.388675 0.336328 0.211448 0.19855 -0.00580865 0.0430227 0.151249
internal_weight=0 1117 1044 663 524 454 201 843 139 105 336 316 829 374 29 150 58 287 161 92 34 491 118 40 30 126 115 95 45 82
internal_count=2161 1117 1044 663 524 454 201 843 139 105 336 316 829 374 29 150 58 287 161 92 34 491 118 40 30 126 115 95 45 82
is_linear=0
shrinkage=0.05


Tree=6
num_leaves=31
num_cat=0
split_feature=6 4 4 8 4 5 3 4 7 5 4 6 0 0 0 5 5 6 0 3 7 8 5 3 8 4 0 3 6 4
split_gain=17397.1 2061.97 1702.94 659.584 557.096 495.464 343.983 272.518 256.17 253.905 231.244 208 206.247 197.321 244.162 176.946 148 145.02 141.913 126.001 118.884 195.787 106.64 168.702 103.199 99.8175 98.9263 103.999 98.8133 94.9988
threshold=10.448139226190479 15.931230000000001 4.7455594444444449 14.338153625000002 6.15768638888889 19.603653194444448 55.500000000000007 8.1141669444444471 4.8512667519522177 16.125023888888894 22.312278333333335 8.9821330158730159 1.0000000180025095e-35 4.5000000000000009 5.5000000000000009 13.007177222222223 15.279502222222224 19.989060059523812 1.0000000180025095e-35 338.50000000000006 3.6652935849863693 15.950849865740745 12.397224722222225 344.50000000000006 15.987528509259262 6.8382748611111124 2.5000000000000004 336.50000000000006 16.987041329365084 16.663287777777782
decision_type=2 2 2 2 2 2 2 2 2 2 2 2 2 2 2 2 2 2 2 2 2 2 2 2 2 2 2 2 2 2
left_child=2 3 6 7 -5 10 -1 -2 11 12 16 25 -6 20 -15 -9 22 18 -12 28 21 -11 23 -3 -20 -4 27 -7 -14 -28
right_child=1 5 8 4 9 26 -8 15 -10 13 17 -13 19 14 -16 -17 -18 -19 24 -21 -22 -23 -24 -25 -26 -27 29 -29 -30 -31
leaf_value=-0.38057272608463583 -0.10271688484970261 0.14462639705701308 -0.16918799587093838 -0.2186421039429578 0.27019297804902581 0.19289854723831704 -0.23524673109481095 0.015292119908457 0.093967574728386738 0.1000903522802724 0.098891203105449688 -0.077591259835981863 0.048308958484074183 0.32747878185132656 0.062187838283452125 0.093675446591029568 0.21019063452336317 0.44986970782279967 0.20179611678338716 0.18820192452806694 0.097021835571040924 0.33329661116003995 0.09912577325174976 0.34490338380520164 0.3649491031255041 -0.12409953623589175 0.19858464002609255 0.35884009344237194 0.15816096273064614 0.36412465012990514
leaf_weight=65 34 55 164 10.999999999999998 17 29 109 180 13.999999999999998 18 12.999999999999998 204 113 41 10.999999999999998 120 120 9.9999999999999982 18 26 49 18 86 12.999999999999998 21 488 9.9999999999999982 13.999999999999998 25 65
leaf_count=65 34 55 164 11 17 29 109 180 14 18 13 204 113 41 11 120 120 10 18 26 49 18 86 13 21 488 10 14 25 65
internal_value=0 0.137153 -0.146743 0.0809372 0.131186 0.219247 -0.289535 0.0314409 -0.118184 0.143287 0.188293 -0.121654 0.104417 0.19464 0.27136 0.0466455 0.168562 0.275493 0.241959 0.0872328 0.147706 0.216693 0.136123 0.182915 0.289648 -0.135441 0.307388 0.246926 0.0682097 0.342053
internal_weight=0 1117 1044 663 329 454 174 334 870 318 336 856 181 137 52 300 274 62 52 164 85 36 154 68 39 652 118 43 138 75
internal_count=2161 1117 1044 663 329 454 174 334 870 318 336 856 181 137 52 300 274 62 52 164 85 36 154 68 39 652 118 43 138 75
is_linear=0
shrinkage=0.05


Tree=7
num_leaves=31
num_cat=0
split_feature=6 4 4 4 5 5 3 4 4 4 7 3 8 8 8 5 5 5 3 6 7 7 4 5 7 8 8 6 6 8
split_gain=15700.9 1860.93 1541.28 604.025 633.514 447.156 359.864 228.126 210.439 200.095 272.026 196.952 178.007 170.666 145.571 120.876 134.516 105.087 143.388 99.3867 93.6231 164.858 187.514 102.59 85.159 82.2434 76.2863 74.7009 79.7625 74.459
threshold=10.448139226190479 15.931230000000001 5.1916847222222229 10.866405833333335 16.125023888888894 19.603653194444448 55.500000000000007 11.846322361111113 26.655542638888893 6.5681638888888898 5.999805399151259 356.50000000000006 7.6601629212962967 15.344892773148151 16.182321527777784 15.279502222222224 9.8607133333333348 23.041082361111116 326.50000000000006 13.078063511904764 4.0583417479326167 5.1820783787200924 18.863259444444449 22.186870555555558 4.0583417479326167 18.89746105092593 8.9871577916666681 6.4036780357142868 8.3772455555555574 9.5018170277777809
decision_type=2 2 2 2 2 2 2 2 2 2 2 2 2 2 2 2 2 2 2 2 2 2 2 2 2 2 2 2 2 2
left_child=2 3 6 9 13 8 -1 12 11 19 -11 15 -4 26 -13 16 -3 18 -6 -2 25 23 -23 -22 -9 -7 -5 -14 -29 -28
right_child=1 5 7 4 17 20 -8 24 -10 10 -12 14 27 -15 -16 -17 -18 -19 -20 -21 21 22 -24 -25 -26 -27 29 28 -30 -31
leaf_value=-0.35843592250525064 -0.035708243093069865 0.23893039971590044 -0.14461464756528844 -0.029844677734321784 0.19937203154728123 0.30556379191057625 -0.21651463588949907 -0.048797146735652802 0.36192847015957041 -0.0077446863903222907 0.26641760982573032 0.1401878552138805 0.026677928337206443 0.12989675105066903 0.37587182145369685 0.19439577393204674 0.11081251545676163 0.28662240906901987 0.072806073461884058 -0.20668008555384243 0.26433101977620804 0.17237880503137906 0.42238785684108732 0.07899538315832616 0.09632630904515585 0.44908253825627842 0.1907848409563303 -0.12510389367571553 -0.082704022742928915 0.05167873248401772
leaf_weight=67 17 24 323 28 98 43 134 31 14.999999999999998 95 9.9999999999999982 10.000000000000002 11.999999999999998 83 19 128 140 23 29 17 14.000000000000002 11.999999999999998 20 15.999999999999998 14.999999999999998 12.999999999999998 9.9999999999999982 185 277 253
leaf_count=67 17 24 323 28 98 43 134 31 15 95 10 10 12 83 19 128 140 23 29 17 14 12 20 16 15 13 10 185 277 253
internal_value=0 0.130295 -0.139406 0.0768904 0.10147 0.208285 -0.263822 -0.109741 0.178878 -0.015771 0.018366 0.170325 -0.115989 0.0666533 0.294601 0.157982 0.129561 0.188281 0.170471 -0.121194 0.292018 0.249691 0.328634 0.165485 -0.00147428 0.338881 0.0486148 -0.0964833 -0.0996823 0.0569679
internal_weight=0 1117 1044 663 524 454 201 843 336 139 105 321 797 374 29 292 164 150 127 34 118 62 32 30 46 56 291 474 462 263
internal_count=2161 1117 1044 663 524 454 201 843 336 139 105 321 797 374 29 292 164 150 127 34 118 62 32 30 46 56 291 474 462 263
is_linear=0
shrinkage=0.05


Tree=8
num_leaves=31
num_cat=0
split_feature=6 4 4 5 4 5 4 4 8 4 5 8 0 0 3 4 7 3 5 2 7 5 3 3 6 0 7 6 6 5
split_gain=14170 1685.74 1401.15 561.965 444.706 530.599 323.405 261.14 219.07 180.757 174.389 129.476 126.377 121.277 120.173 118.105 102.277 99.705 118.91 96.1304 95.836 101.4 93.9645 92.1565 122.238 91.8612 99.2773 89.6007 88.8201 88.1872
threshold=10.448139226190479 14.625806388888892 3.5885445833333334 19.603653194444448 6.6169400000000005 16.620181666666667 6.8917488888888894 22.312278333333335 15.003059990740743 14.114825833333335 15.279502222222224 7.7828497546296314 1.0000000180025095e-35 3.5000000000000004 50.500000000000007 8.1141669444444471 7.0622548343337384 343.50000000000006 13.341427916666669 8.5000000000000018 4.231640539183851 23.260926944444446 14.500000000000002 10.500000000000002 18.297392242063498 3.5000000000000004 2.9664641033514263 9.8702468055555581 17.125536091269847 13.036447361111113
decision_type=2 2 2 2 2 2 2 2 2 2 2 2 2 2 2 2 2 2 2 2 2 2 2 2 2 2 2 2 2 2
left_child=2 4 14 7 19 8 -4 10 15 11 17 -8 -9 -5 -1 -6 20 28 -19 -2 25 -22 -10 -15 -25 -7 -27 -13 -3 -14
right_child=1 3 6 13 5 16 9 12 22 -11 -12 27 29 23 -16 -17 -18 18 -20 -21 21 -23 -24 24 -26 26 -28 -29 -30 -31
leaf_value=-0.35223022301991785 -0.18967015813840063 0.082982841699963394 -0.1617356637274085 0.21437558555525951 -0.13791235834360124 0.13217295562227568 -0.12984289698743898 0.12361343090732893 0.2581711882352829 0.061321091817484963 0.18007219702099697 -0.089080923019299429 0.41420367333022035 0.18120214429994425 -0.24711952232397519 0.029044070782569736 0.31269363544204021 0.27449335479422621 0.092469017152838853 -0.02332981573417783 0.03712338222259725 0.20709093923752128 0.094875130315651063 0.27466424010694029 0.40948894188321872 0.13178327009081836 0.3282720575730006 0.0065951896114991269 0.17288700897585263 0.25244255488634937
leaf_weight=57 19 164 247 58 10.999999999999998 30 228 14.999999999999998 9.9999999999999982 18 158 416 10.999999999999998 11.999999999999998 52 286 10.999999999999998 19 17 15.999999999999998 27 12.999999999999998 74 40 29 10.000000000000002 18 26 33 36
leaf_count=57 19 164 247 58 11 30 228 15 10 18 158 416 11 12 52 286 11 19 17 16 27 13 74 40 29 10 18 26 33 36
internal_value=0 0.12378 -0.132435 0.181624 0.0585545 0.0708533 -0.112658 0.154639 0.0430237 -0.0950386 0.139522 -0.0992394 0.249974 0.269568 -0.302086 0.0228605 0.168129 0.112025 0.188537 -0.113629 0.151902 0.0923628 0.114315 0.309089 0.33133 0.192964 0.258097 -0.0834529 0.0980429 0.290302
internal_weight=0 1117 1044 592 525 490 935 453 381 688 391 670 62 139 109 297 109 233 36 35 98 40 84 81 69 58 28 442 197 47
internal_count=2161 1117 1044 592 525 490 935 453 381 688 391 670 62 139 109 297 109 233 36 35 98 40 84 81 69 58 28 442 197 47
is_linear=0
shrinkage=0.05


Tree=9
num_leaves=31
num_cat=0
split_feature=6 4 4 4 5 5 3 7 4 5 4 8 7 5 8 5 0 5 3 4 7 7 8 2 5 3 6 6 6 3
split_gain=12788.5 1529.5 1269.72 503.147 517.26 364.064 292.569 204.924 177.919 183.887 170.146 162.412 147.3 143.685 142.982 108.639 132.754 123.769 94.6645 92.3309 84.4126 142.935 165.851 97.6464 92.1055 81.4157 92.8467 80.7687 81.3389 97.9913
threshold=10.448139226190479 15.931230000000001 5.1916847222222229 10.866405833333335 16.125023888888894 19.603653194444448 50.500000000000007 4.8512667519522177 25.944082361111114 7.2591244444444447 3.9178323611111119 7.6601629212962967 5.999805399151259 15.279502222222224 13.673836981481482 16.343149861111112 4.5000000000000009 23.041082361111116 341.50000000000006 12.521273750000001 4.0583417479326167 5.1820783787200924 16.621106370370374 10.500000000000002 22.186870555555558 13.500000000000002 16.78999565476191 15.341610079365081 13.201014206349209 302.50000000000006
decision_type=2 2 2 2 2 2 2 2 2 2 2 2 2 2 2 2 2 2 2 2 2 2 2 2 2 2 2 2 2 2
left_child=2 3 6 10 14 8 -1 11 9 -3 -2 -4 27 -11 -5 -6 -17 -18 25 -13 -7 24 -23 -24 -22 -16 -27 28 29 -12
right_child=1 5 7 4 15 20 -8 -9 -10 13 12 19 -14 -15 18 16 17 -19 -20 -21 21 22 23 -25 -26 26 -28 -29 -30 -31
leaf_value=-0.33461871314467051 -0.19535912520562609 0.3367500323515672 -0.1287659795513961 0.030048777696113877 0.32926519855856901 0.30834761100289015 -0.2007857091854223 0.090810942117656987 0.30638579621911055 0.11258565437819026 -0.070466327592730527 -0.087444800433172681 0.14874970346689226 0.18161445545653504 0.19625519227523069 0.11892428217245088 0.16715065632995807 0.32631348172823588 0.17647032486274838 0.0428301839157939 0.23891011135918749 0.1502130116025607 0.4958179426193236 0.274858216047287 0.063300089910626411 0.046650868773476448 0.15288495820760728 -0.14675811493599958 0.052490138998016335 0.088638750463724145
leaf_weight=57 11.999999999999998 12.999999999999998 338 192 9.9999999999999982 56 144 13.999999999999998 20 162 50 477 14.999999999999998 141 12.999999999999998 84 38 18 28 13.999999999999998 14.000000000000002 11.999999999999998 10.000000000000002 9.9999999999999982 15.999999999999998 116 25 10.999999999999998 39 11.999999999999998
leaf_count=57 12 13 338 192 10 56 144 14 20 162 50 477 15 141 13 84 38 18 28 14 14 12 10 10 16 116 25 11 39 12
internal_value=0 0.117591 -0.125814 0.0691753 0.091609 0.188296 -0.238738 -0.0988886 0.161762 0.152608 -0.0153952 -0.102092 0.00160922 0.144708 0.0601483 0.170051 0.158679 0.21831 0.0919017 -0.0837302 0.26385 0.223659 0.297166 0.385338 0.145251 0.0765256 0.0654867 -0.0180971 -0.00408451 -0.0396718
internal_weight=0 1117 1044 663 524 454 201 843 336 316 139 829 127 303 374 150 140 56 182 491 118 62 32 20 30 154 141 112 101 62
internal_count=2161 1117 1044 663 524 454 201 843 336 316 139 829 127 303 374 150 140 56 182 491 118 62 32 20 30 154 141 112 101 62
is_linear=0
shrinkage=0.05


Tree=10
num_leaves=31
num_cat=0
split_feature=6 4 4 8 4 5 4 6 4 0 0 7 0 8 8 7 7 7 5 7 8 5 3 4 5 5 5 3 8 5
split_gain=11541.6 1380.37 1153.36 458.551 395.787 328.996 267.26 212.898 187.529 185.084 202.261 188.756 187.445 173.073 158.154 140.918 140.742 143.958 134.298 109.102 106.675 96.2656 94.4068 92.1052 90.1153 90.2109 88.5683 88.4082 95.0142 77.4135
threshold=10.448139226190479 15.931230000000001 3.5885445833333334 14.338153625000002 6.15768638888889 18.229180555555562 6.8382748611111124 20.133635138888891 8.1141669444444471 4.5000000000000009 5.5000000000000009 2.6184003589463525 1.0000000180025095e-35 3.4510294212962966 7.7828497546296314 3.4835199488813546 3.8672876807830128 5.0617203556581449 13.007177222222223 3.8873531440935509 18.556032208333338 17.449892638888894 50.500000000000007 12.764056666666669 9.8607133333333348 15.279502222222224 15.499278055555557 36.500000000000007 18.206278481481487 25.217173472222225
decision_type=2 2 2 2 2 2 2 2 2 2 2 2 2 2 2 2 2 2 2 2 2 2 2 2 2 2 2 2 2 2
left_child=2 3 22 8 -5 7 -4 20 -2 12 11 -11 19 -8 -15 -16 21 -18 -10 -6 24 -14 -1 -12 -3 -26 -27 29 -29 -7
right_child=1 5 6 4 9 27 13 -9 18 10 23 -13 16 14 15 -17 17 -19 -20 -21 -22 -23 -24 -25 25 26 -28 28 -30 -31
leaf_value=-0.31788777803119861 -0.086842211949474668 0.21733139391988515 -0.1470696024724748 -0.18724929138340735 0.12655682328622789 0.13492062682735509 0.12063792675733567 0.36574106324802746 0.0097447354874263207 0.042313914075493814 -0.051945251077413546 0.28296644518321212 0.09848417585234337 -0.12256641935000752 -0.078752774750733154 0.039031076596842879 -0.0074348297792200292 0.10247593535618349 0.078031707775468639 0.30494258463382723 0.28182002662752687 0.2262063264846802 -0.22472426044539762 0.14673453782285964 0.10063401249068596 0.30258590698242194 0.14622558407330263 0.23922276850099916 0.35249168301622075 0.29070107991045174
leaf_weight=57 34 30 240 10.999999999999998 20 29 9.9999999999999982 10.999999999999998 180 9.9999999999999982 10.000000000000002 44 66 231 427 27 65 55 120 14.999999999999998 12.999999999999998 19 52 13.999999999999998 149 9.9999999999999982 96 81 24 10.999999999999998
leaf_count=57 34 30 240 11 20 29 10 11 180 10 10 44 66 231 427 27 65 55 120 15 13 19 52 14 149 10 96 81 24 11
internal_value=0 0.111712 -0.119523 0.0657165 0.107613 0.178881 -0.101579 0.149724 0.0244468 0.117813 0.184724 0.238401 0.0960669 -0.0858706 -0.0888853 -0.071748 0.0778087 0.0429409 0.0370595 0.203008 0.14175 0.127034 -0.273443 0.0639513 0.135361 0.125718 0.160977 0.241016 0.265113 0.17776
internal_weight=0 1117 1044 663 329 454 935 309 334 318 78 54 240 695 685 454 205 120 300 35 298 85 109 24 285 255 106 145 105 40
internal_count=2161 1117 1044 663 329 454 935 309 334 318 78 54 240 695 685 454 205 120 300 35 298 85 109 24 285 255 106 145 105 40
is_linear=0
shrinkage=0.05


Tree=11
num_leaves=31
num_cat=0
split_feature=4 5 4 6 4 4 4 8 4 0 8 7 3 6 4 5 6 3 3 6 3 4 3 6 8 8 3 0 8 5
split_gain=10416.3 1172.35 1138.48 510.386 434.592 267.651 239.382 187.135 141.416 137.341 213.943 135.074 117.249 112.231 107.677 104.307 101.762 86.3395 99.3173 102.468 87.154 84.6625 78.8031 76.4389 145.082 169.067 107.293 92.2667 137.237 72.7529
threshold=10.866405833333335 15.279502222222224 3.9178323611111119 9.8702468055555581 13.149361666666669 22.312278333333335 16.620181666666667 8.6872052222222234 6.7784640277777788 4.5000000000000009 18.206278481481487 5.999805399151259 353.50000000000006 21.233521666666672 2.2035794444444448 12.716073888888891 9.5984788888888897 349.50000000000006 313.50000000000006 17.125536091269847 14.500000000000002 23.318712500000004 259.50000000000006 16.709290019841273 13.477976597222224 12.048307296296299 26.500000000000004 4.5000000000000009 15.950849865740745 7.4019508333333341
decision_type=2 2 2 2 2 2 2 2 2 2 2 2 2 2 2 2 2 2 2 2 2 2 2 2 2 2 2 2 2 2
left_child=2 4 14 8 16 7 23 -6 -4 13 -11 -5 17 -8 -1 -7 -2 18 19 20 -9 -12 -10 24 25 -3 -26 28 -28 -16
right_child=1 6 3 11 5 15 9 12 22 10 21 -13 -14 -15 29 -17 -18 -19 -20 -21 -22 -23 -24 -25 26 -27 27 -29 -30 -31
leaf_value=-0.2849424784175224 -0.064519975526797543 0.20084631433710456 -0.13876153605994485 -0.019216856128639645 -0.067265809680286212 0.34258740280683225 0.16193810505642287 0.19619308222423903 -0.10495532614272927 0.21401485076097596 0.48142652710278822 0.13894054738028597 0.19820090161263945 0.31128339075616429 -0.2500251862310594 0.16394755190069027 0.02574947598817692 -0.051913666725158694 0.13972930767899985 0.15262686424489535 0.051216508901884984 0.28444007232785229 -0.067512892550280826 0.095463303952036727 0.082792401941199065 -0.010798463047198628 0.10211137641092827 0.27755360620863295 0.27787081421249443 -0.14254967762390153
leaf_weight=72 38 15.999999999999998 213 135 19 12.999999999999998 124 10.999999999999998 389 73 12.000000000000002 14.999999999999998 25 13.999999999999998 31 22 175 10.999999999999998 77 35 180 9.9999999999999982 220 76 19 23 29 34 18 32
leaf_count=72 38 16 213 135 19 13 124 11 389 73 12 15 25 14 31 22 175 11 77 35 180 10 220 76 19 23 29 34 18 32
internal_value=0 0.1125 -0.107114 -0.0882169 0.0671601 0.0983323 0.173831 0.0854305 -0.103694 0.208939 0.255206 -0.00340112 0.0939887 0.177089 -0.243172 0.230299 0.00964507 0.0856915 0.0906871 0.073978 0.0595659 0.391887 -0.0914293 0.135782 0.157827 0.0760302 0.189728 0.214811 0.169424 -0.195434
internal_weight=0 1054 1107 972 606 393 448 358 822 233 95 150 339 138 135 35 213 314 303 226 191 22 609 215 139 39 100 81 47 63
internal_count=2161 1054 1107 972 606 393 448 358 822 233 95 150 339 138 135 35 213 314 303 226 191 22 609 215 139 39 100 81 47 63
is_linear=0
shrinkage=0.05


Tree=12
num_leaves=31
num_cat=0
split_feature=4 5 4 6 4 4 5 8 0 6 4 8 6 3 7 7 3 4 5 8 4 6 6 5 8 6 3 7 5 4
split_gain=9400.71 1058.05 1027.48 460.624 392.219 241.555 218.448 168.889 167.478 218.05 127.977 127.335 132.644 170.792 126.723 121.905 106.53 97.1786 94.1373 92.6696 91.3727 89.8267 92.2408 82.811 73.9831 73.9611 71.653 71.5181 87.1705 81.4497
threshold=10.866405833333335 15.279502222222224 3.9178323611111119 9.8702468055555581 13.149361666666669 22.312278333333335 19.134771111111114 8.6872052222222234 4.5000000000000009 22.264103253968255 6.8382748611111124 15.902132203703706 15.606088253968254 354.50000000000006 5.3045220298764333 5.999805399151259 356.50000000000006 2.2035794444444448 12.716073888888891 12.020405625000002 13.634561111111113 18.067310892857147 16.659841309523813 15.499278055555557 7.7828497546296314 19.630731865079373 281.50000000000006 3.2890307913398109 16.620181666666667 14.283275277777781
decision_type=2 2 2 2 2 2 2 2 2 2 2 2 2 2 2 2 2 2 2 2 2 2 2 2 2 2 2 2 2 2
left_child=2 4 17 10 19 7 11 -6 9 20 -4 14 -13 21 23 -5 -9 -1 -7 -2 -8 22 -14 -3 -12 26 -22 28 29 -25
right_child=1 6 3 15 5 18 8 16 -10 -11 24 12 13 -15 -16 -17 -18 -19 -20 -21 25 -23 -24 27 -26 -27 -28 -29 -30 -31
leaf_value=-0.27069535400304529 -0.026563207945805425 0.20045036272360731 -0.13094338611500372 -0.018256013743855336 -0.063902515800375689 0.32545804050079408 -0.0019206614656881852 0.082459452422699545 0.25282950987157066 0.37940459817647937 -0.11000379992605643 0.29660644796159535 0.1520273020559991 0.31333819585187095 0.22800616096047796 0.13199351891875266 0.20431744848427022 -0.18566272634835471 0.15575017441402783 0.039607596014342883 0.14578613038174809 0.18362572979182007 0.023603784254398838 -0.081096327575770275 -0.073388527715699634 0.082925196811556814 0.27537656361237167 0.0059827259205507514 0.13749984704720028 0.10376763825233166
leaf_weight=72 98 12.999999999999998 222 135 19 12.999999999999998 10.999999999999998 320 95 9.9999999999999982 215 18 27 13.999999999999998 17 14.999999999999998 19 63 22 115 32 40 29 11.000000000000002 385 25 15.999999999999998 33 44 12.999999999999998
leaf_count=72 98 13 222 135 19 13 11 320 95 10 215 18 27 14 17 15 19 63 22 115 32 40 29 11 385 25 16 33 44 13
internal_value=0 0.106875 -0.101758 -0.0838061 0.0638021 0.0934157 0.165139 0.081159 0.206011 0.158694 -0.0985095 0.135314 0.170781 0.150191 0.100659 -0.00323106 0.0892893 -0.231013 0.218785 0.00916281 0.132419 0.126399 0.0855223 0.0816684 -0.086509 0.152662 0.188983 0.0663796 0.0956899 0.0190383
internal_weight=0 1054 1107 972 606 393 448 358 189 94 822 259 128 110 131 150 339 135 35 213 84 96 56 114 600 73 48 101 68 24
internal_count=2161 1054 1107 972 606 393 448 358 189 94 822 259 128 110 131 150 339 135 35 213 84 96 56 114 600 73 48 101 68 24
is_linear=0
shrinkage=0.05


Tree=13
num_leaves=31
num_cat=0
split_feature=6 4 4 8 4 5 3 6 7 4 0 0 0 7 6 7 7 5 5 8 5 5 4 3 2 7 8 6 5 4
split_gain=8494.91 1025.74 869.977 353.559 317.572 246.129 201.099 173.72 156.588 149.804 138.35 169.139 163.55 161.122 122.781 112.831 128.814 108.694 105.772 90.1513 82.6027 77.4587 76.6645 73.9342 88.3645 101.643 99.0432 73.6054 68.1591 66.5285
threshold=10.448139226190479 15.931230000000001 5.1916847222222229 14.338153625000002 6.6169400000000005 18.229180555555562 55.500000000000007 20.133635138888891 4.8512667519522177 8.1141669444444471 4.5000000000000009 5.5000000000000009 1.0000000180025095e-35 2.850766451331197 8.9821330158730159 3.8672876807830128 5.0617203556581449 13.007177222222223 16.199987500000002 18.556032208333338 17.449892638888894 9.8607133333333348 13.494974444444447 36.500000000000007 3.5000000000000004 4.0583417479326167 15.902132203703706 14.109458829365082 25.217173472222225 15.054650000000001
decision_type=2 2 2 2 2 2 2 2 2 2 2 2 2 2 2 2 2 2 2 2 2 2 2 2 2 2 2 2 2 2
left_child=2 3 6 9 -5 7 -1 19 14 -2 12 13 18 -12 -4 20 -17 -11 -6 21 -14 -3 -13 28 -25 26 -26 -23 -7 -15
right_child=1 5 8 4 10 23 -8 -9 -10 17 11 22 15 29 -16 16 -18 -19 -20 -21 -22 27 -24 24 25 -27 -28 -29 -30 -31
leaf_value=-0.26674297904011918 -0.079514836246038195 0.19144222696622215 -0.093940474405279695 -0.14921534049969454 0.26829575196736388 0.10944045270182963 -0.16065078601041294 0.32365368604660039 0.085570405317204334 0.0066517045659323544 0.048240595217794183 -0.039072312422407163 0.084267709601783397 0.29116320107132199 -0.049041571108327797 -0.012017303392864193 0.093009002100816876 0.068085443802798781 0.09438437512692284 0.25008472914879143 0.20257947711568131 0.049993639471049012 0.13965528135498365 0.37089670538902286 0.1656574201057939 0.16012272111036713 0.31421197418010599 0.11927469277199215 0.25561331104148521 0.14341457009315492
leaf_weight=67 34 30 628 12.999999999999998 18 29 134 10.999999999999998 13.999999999999998 180 11.999999999999998 12.000000000000002 66 32 201 65 53 120 17 12.999999999999998 19 47 11.999999999999998 9.9999999999999982 17 45 33 208 10.999999999999998 9.9999999999999982
leaf_count=67 34 30 628 13 18 29 134 11 14 180 12 12 66 32 201 65 53 120 17 13 19 47 12 10 17 45 33 208 11 10
internal_value=0 0.0958397 -0.102541 0.0561906 0.0929798 0.153741 -0.196015 0.128522 -0.0802538 0.0199523 0.102943 0.160734 0.0840037 0.20982 -0.0830543 0.0667933 0.0351555 0.0312252 0.183825 0.121319 0.110714 0.115446 0.0502915 0.207484 0.229521 0.214639 0.263703 0.106505 0.149638 0.255985
internal_weight=0 1117 1044 663 329 454 201 309 843 334 316 78 238 54 829 203 118 300 35 298 85 285 24 145 105 95 50 255 40 42
internal_count=2161 1117 1044 663 329 454 201 309 843 334 316 78 238 54 829 203 118 300 35 298 85 285 24 145 105 95 50 255 40 42
is_linear=0
shrinkage=0.05


Tree=14
num_leaves=31
num_cat=0
split_feature=4 4 5 8 6 8 6 4 8 0 7 5 3 4 7 5 4 7 5 8 7 3 4 6 7 8 8 8 5 4
split_gain=7702.7 892.448 782.864 514.118 358.471 181.986 140.931 139.145 137.745 128.104 150.708 143.373 141.837 199.612 126.166 120.631 120.178 194.576 116.549 114.171 106.439 93.9095 78.3776 75.4819 72.8151 68.1059 65.6275 71.6883 65.077 62.3766
threshold=11.265601944444446 3.9178323611111119 15.988725694444446 12.738921236111112 17.678947976190482 8.9443137962962975 8.3772455555555574 18.502768472222225 15.779678750000002 4.5000000000000009 4.0583417479326167 21.170668333333335 262.50000000000006 19.083904166666674 4.4483396445924681 18.149357777777784 6.6169400000000005 5.999805399151259 12.666532083333335 16.806132375000004 5.3045220298764333 75.500000000000014 2.2035794444444448 16.426454285714289 4.9021653530162199 17.917490347222223 15.003059990740743 13.477976597222224 7.4019508333333341 5.1916847222222229
decision_type=2 2 2 2 2 2 2 2 2 2 2 2 2 2 2 2 2 2 2 2 2 2 2 2 2 2 2 2 2 2
left_child=1 22 4 6 5 21 29 -7 15 10 11 19 13 -11 -12 20 -5 -18 -6 -10 26 -2 -1 -9 -8 -20 27 -4 -24 -3
right_child=2 3 8 16 18 7 24 23 9 12 14 -13 -14 -15 -16 -17 17 -19 25 -21 -22 -23 28 -25 -26 -27 -28 -29 -30 -31
leaf_value=-0.24477182230912151 0.050133110697452847 -0.14346566603700114 0.0048144704801961783 -0.11167413281897705 0.30654549172946388 0.053613206328029607 -0.064258543657683284 0.16167964182940187 0.31003037785941906 0.061206959162584763 -0.07112511217594146 0.32036279088093178 0.29026041134544045 0.28932535744765225 0.12445686656109832 0.16327140839980592 0.028433313940341279 0.2536171165379611 0.095681759516398124 0.13457154098708751 0.21537188494747339 -0.071928768269717697 -0.22003713365524047 0.050875395942818036 0.060937593194345635 0.21479824943467976 -0.048584398201533728 0.13181791317462921 -0.11838928455472342 -0.093517240394056164
leaf_weight=72 26 72 20 11.999999999999998 13.999999999999998 429 361 51 10.999999999999998 22 9.9999999999999982 18 46 17 47 77 75 10.999999999999998 30 59 10.999999999999998 40 31 22 11.999999999999998 20 13.999999999999998 25 32 474
leaf_count=72 26 72 20 12 14 429 361 51 11 22 10 18 46 17 47 77 75 11 30 59 11 40 31 22 12 20 14 25 32 474
internal_value=0 -0.0883453 0.100866 -0.0723113 0.0668502 0.05421 -0.0839203 0.0644721 0.15789 0.182052 0.153481 0.194507 0.230789 0.160643 0.0901442 0.120085 0.036553 0.0572359 0.179032 0.162144 0.0725807 -0.0238438 -0.209135 0.128287 -0.0602308 0.143328 0.0459586 0.0753719 -0.168406 -0.100104
internal_weight=0 1152 1009 1017 632 568 919 502 377 230 145 88 85 39 57 147 98 86 64 70 70 66 135 73 373 50 59 45 63 546
internal_count=2161 1152 1009 1017 632 568 919 502 377 230 145 88 85 39 57 147 98 86 64 70 70 66 135 73 373 50 59 45 63 546
is_linear=0
shrinkage=0.05


Tree=15
num_leaves=31
num_cat=0
split_feature=4 4 5 6 6 4 7 8 0 7 5 3 4 7 5 5 8 8 4 7 0 7 4 7 8 4 8 8 6 8
split_gain=6951.68 805.434 706.535 465.061 323.52 164.296 131.097 124.314 115.614 136.014 129.394 128.008 180.15 113.864 108.869 105.186 104.478 103.04 98.1564 96.0614 87.7901 76.5766 78.2301 89.6419 72.0499 70.7358 61.4656 60.3047 72.2112 59.2288
threshold=11.265601944444446 3.9178323611111119 15.988725694444446 9.8702468055555581 17.678947976190482 16.288005138888892 5.999805399151259 15.779678750000002 4.5000000000000009 4.0583417479326167 21.170668333333335 262.50000000000006 19.083904166666674 4.4483396445924681 18.149357777777784 12.666532083333335 8.9871577916666681 16.806132375000004 6.8382748611111124 5.3045220298764333 5.5000000000000009 2.7706849786688603 8.1141669444444471 4.3879801818755766 14.171291884259261 2.2035794444444448 17.917490347222223 7.7828497546296314 6.4660793055555565 15.003059990740743
decision_type=2 2 2 2 2 2 2 2 2 2 2 2 2 2 2 2 2 2 2 2 2 2 2 2 2 2 2 2 2 2
left_child=1 25 4 18 5 16 21 14 9 10 17 12 -10 -11 19 -6 -2 -9 -3 29 24 -5 -23 -24 -7 -1 -17 -20 -29 -4
right_child=2 3 7 6 15 20 -8 8 11 13 -12 -13 -14 -15 -16 26 -18 -19 27 -21 -22 22 23 -25 -26 -27 -28 28 -30 -31
leaf_value=-0.23253323397495682 -0.027737240810830406 -0.11315377302602068 0.071603340353402822 -0.055448522118310778 0.29121821884598054 0.12010934876941018 0.12722088558305253 0.29452886192805389 0.058146610906855627 -0.067568858861923223 0.30434464965429575 0.27574738978367785 0.27485909028088346 0.11823402341167899 0.15510783578184517 0.09089767167965572 0.04477665611031173 0.12784296328486022 -0.095463928106575696 0.2046032880686901 0.17996565631777051 -0.046404611617326737 0.084728949794426883 -0.035736254894215135 0.047277190351160243 -0.15998615919361039 0.20405833564698694 0.07002539500594139 -0.066082601970871083 -0.046155175673110144
leaf_weight=72 58 222 45 62 13.999999999999998 59 19 10.999999999999998 22 9.9999999999999982 18 46 17 47 77 30 346 59 217 10.999999999999998 25 35 47 23 80 63 20 9.9999999999999982 382 13.999999999999998
leaf_count=72 58 222 45 62 14 59 19 11 22 10 18 46 17 47 77 30 346 59 217 11 25 35 47 23 80 63 20 10 382 14
internal_value=0 -0.083928 0.0958227 -0.0686957 0.0635077 0.0514995 0.00277179 0.149995 0.172949 0.145807 0.184781 0.21925 0.152611 0.085637 0.114081 0.17008 0.0343662 0.154036 -0.0846921 0.0689516 0.0937059 -0.0113871 0.0146301 0.0451475 0.0781916 -0.198678 0.136162 -0.0743169 -0.0626105 0.0436606
internal_weight=0 1152 1009 1017 632 568 186 377 230 145 88 85 39 57 147 64 404 70 831 70 164 167 105 70 139 135 50 609 392 59
internal_count=2161 1152 1009 1017 632 568 186 377 230 145 88 85 39 57 147 64 404 70 831 70 164 167 105 70 139 135 50 609 392 59
is_linear=0
shrinkage=0.05


Tree=16
num_leaves=31
num_cat=0
split_feature=4 4 5 8 4 4 3 8 4 4 7 8 4 0 7 4 5 5 4 0 8 6 6 2 8 3 4 8 8 8
split_gain=6273.89 726.904 639.685 422.355 278.533 132.349 129.08 115.93 111.425 108.433 166.238 105.062 99.2652 95.2701 142.829 113.433 81.9507 78.8207 77.7895 93.2977 94.1465 161.547 76.9968 76.7367 83.1426 76.2916 75.8686 72.1577 68.5075 66.0884
threshold=11.265601944444446 3.9178323611111119 15.636124722222222 12.738921236111112 15.893380277777778 16.620181666666667 283.50000000000006 8.9871577916666681 22.312278333333335 6.6169400000000005 5.999805399151259 11.289516912037039 5.6746701388888896 1.0000000180025095e-35 4.0461256150907268 25.944082361111114 15.279502222222224 12.716073888888891 11.708262777777779 1.0000000180025095e-35 13.477976597222224 15.606088253968254 6.2446280555555571 1.5000000000000002 18.206278481481487 87.500000000000014 6.5082573611111121 7.6601629212962967 12.048307296296299 19.624252384259261
decision_type=2 2 2 2 2 2 2 2 2 2 2 2 2 2 2 2 2 2 2 2 2 2 2 2 2 2 2 2 2 2
left_child=1 -1 4 6 7 18 12 -2 16 -5 -11 -8 -3 14 -7 23 -6 -10 -4 -20 28 25 26 29 -25 -22 -14 -24 -21 -15
right_child=2 3 5 9 8 13 11 -9 17 10 -12 -13 22 15 -16 -17 -18 -19 19 20 21 -23 27 24 -26 -27 -28 -29 -30 -31
leaf_value=-0.1887440341986992 -0.032369555474111911 -0.13590833705953428 0.23089234357078872 -0.10738739216079314 0.078696852591427335 0.17318925143856753 -0.053257018622084797 0.044765375475607702 0.28360602494615778 0.026434491030871872 0.23457521532069553 0.079305996512994179 0.10301337586715818 0.076987157674396747 -0.041892815897097958 0.31102018858616554 0.20466612184952415 0.12831689437681978 0.19503904140808367 0.092488901875913132 0.080012433826923371 0.066643482087606412 -0.10661323365320763 0.16972897605208512 0.27829941427778632 0.24438983624180161 -0.050963717829436067 -0.069440687778989804 -0.06555130959022791 0.21798190860585734
leaf_weight=135 57 90 11.999999999999998 11.999999999999998 166 19 227 335 12.999999999999998 75 10.999999999999998 15.999999999999998 9.9999999999999982 34 12.999999999999998 14.999999999999998 13.999999999999998 22 22 12.000000000000002 9.9999999999999982 83 225 110 21 24 40 311 15.999999999999998 10.999999999999998
leaf_count=135 57 90 12 12 166 19 227 335 13 75 11 16 10 34 13 15 14 22 22 12 10 83 225 110 21 24 40 311 16 11
internal_value=0 -0.0797316 0.0910315 -0.0652609 0.0586329 0.139952 -0.0757831 0.0335493 0.104367 0.0334109 0.0530571 -0.0445286 -0.087018 0.165655 0.0858122 0.179032 0.0884945 0.185996 0.10793 0.0990946 0.0845375 0.104247 -0.0795093 0.167783 0.187133 0.196044 -0.0201683 -0.0850448 0.00218021 0.111453
internal_weight=0 1152 1009 1017 607 402 919 392 215 98 86 243 676 223 32 191 180 35 179 167 145 117 586 176 131 34 50 536 28 45
internal_count=2161 1152 1009 1017 607 402 919 392 215 98 86 243 676 223 32 191 180 35 179 167 145 117 586 176 131 34 50 536 28 45
is_linear=0
shrinkage=0.05


Tree=17
num_leaves=31
num_cat=0
split_feature=6 4 4 5 4 5 4 4 8 0 0 6 3 6 8 6 6 2 0 7 6 4 6 7 3 8 3 0 8 3
split_gain=5682.59 753.419 550.359 338.617 192.021 203.085 174.16 111.516 139.49 109.717 96.0084 83.0479 85.9526 79.0533 75.2404 72.1369 63.9927 64.1459 63.9594 63.6876 74.629 64.8959 62.7743 60.5474 59.625 59.2961 59.2142 76.121 85.1223 91.9965
threshold=9.8702468055555581 13.149361666666669 3.5885445833333334 19.134771111111114 6.6169400000000005 14.771711250000001 22.312278333333335 6.8382748611111124 3.4510294212962966 3.5000000000000004 1.0000000180025095e-35 15.584606765873017 352.50000000000006 16.604312261904767 7.6394294074074089 21.233521666666672 13.078063511904764 7.5000000000000009 5.5000000000000009 3.5252783853933862 13.985002420634924 10.280108472222222 6.4660793055555565 3.8047809031058146 50.500000000000007 10.003195171296298 10.500000000000002 5.5000000000000009 18.206278481481487 326.50000000000006
decision_type=2 2 2 2 2 2 2 2 2 2 2 2 2 2 2 2 2 2 2 2 2 2 2 2 2 2 2 2 2 2
left_child=2 4 24 6 16 19 11 25 -9 15 -8 12 18 -7 -10 -5 17 -2 -3 21 -21 -6 -16 -24 -1 -4 -11 28 29 -28
right_child=1 3 7 9 5 13 10 8 14 26 -12 -13 -14 -15 22 -17 -18 -19 -20 20 -22 -23 23 -25 -26 -27 27 -29 -30 -31
leaf_value=-0.22851043814106992 -0.10385173914255573 0.043310743021091454 -0.096238095325272568 0.097566704983996638 -0.06579383538503733 0.10476830100868734 0.056426692431171738 0.12190506055951118 -0.091005403491663958 0.098557373532094067 0.20171342007419529 0.09907710930966146 0.175289028386275 -0.0021324484830810911 0.069222032278776172 0.22767865531719647 -0.15303425299158943 0.067613160014152532 0.12212692994046315 0.08866694277995045 -0.0040059297366274726 0.0066597284446669449 -0.060625633568538465 0.053268572408705951 -0.15409321672483989 -0.19066038926442463 0.17608349060018857 0.15781163480697258 0.37169767419497174 0.35119918942451478
leaf_weight=57 12.000000000000002 229 218 59 42 98 14.999999999999998 9.9999999999999982 209 11.999999999999998 47 244 14.999999999999998 21 9.9999999999999982 12.999999999999998 18 9.9999999999999982 29 42 45 117 423 11.999999999999998 51 18 30 33 11.999999999999998 9.9999999999999982
leaf_count=57 12 229 218 59 42 98 15 10 209 12 47 244 15 21 10 13 18 10 29 42 45 117 423 12 51 18 30 33 12 10
internal_value=0 0.0758109 -0.0867162 0.105551 0.0208825 0.0322797 0.0873764 -0.0739179 -0.0634251 0.16782 0.166563 0.0778801 0.0589347 0.0859035 -0.0662589 0.121059 -0.0831176 -0.0259131 0.0521699 0.0063398 0.0407327 -0.0124789 -0.0546364 -0.0574837 -0.193369 -0.10344 0.202529 0.217208 0.254901 0.219862
internal_weight=0 1153 1008 748 405 365 579 900 664 169 62 517 273 119 654 72 40 22 258 246 87 159 445 435 108 236 97 85 52 40
internal_count=2161 1153 1008 748 405 365 579 900 664 169 62 517 273 119 654 72 40 22 258 246 87 159 445 435 108 236 97 85 52 40
is_linear=0
shrinkage=0.05


Tree=18
num_leaves=31
num_cat=0
split_feature=6 4 4 5 4 5 4 3 7 8 4 8 8 3 3 5 2 6 8 7 8 7 7 6 3 0 7 8 7 5
split_gain=5128.54 682.595 496.699 220.168 213.339 230.945 128.966 124.493 120.118 119.552 102.63 80.858 80.1354 152.073 74.3933 73.4682 73.5702 92.1455 109.428 81.7528 72.0707 70.9318 77.0748 68.5863 78.6643 63.4718 62.7058 62.0413 59.9476 59.4082
threshold=9.8702468055555581 14.625806388888892 3.5885445833333334 19.603653194444448 6.6169400000000005 16.620181666666667 25.944082361111114 356.50000000000006 4.7596836972458041 16.182321527777784 8.5185491666666682 5.1876999120370373 12.020405625000002 328.50000000000006 79.500000000000014 10.370993472222223 1.5000000000000002 18.429613670634925 17.728348472222226 4.1226364817024388 11.094473587962964 7.0622548343337384 4.231640539183851 15.23746801587302 211.50000000000003 3.5000000000000004 3.6029312921405867 7.6394294074074089 3.8209537604189014 15.556242500000002
decision_type=2 2 2 2 2 2 2 2 2 2 2 2 2 2 2 2 2 2 2 2 2 2 2 2 2 2 2 2 2 2
left_child=2 4 -1 6 -2 8 7 14 12 -9 -4 -12 26 29 15 -3 17 18 -17 -18 -16 22 23 24 -7 -5 -6 -13 -22 -14
right_child=1 3 10 25 5 21 -8 9 -10 -11 11 27 13 -15 20 16 19 -19 -20 -21 28 -23 -24 -25 -26 -27 -28 -29 -30 -31
leaf_value=-0.18370052322452129 -0.078961763007537239 0.24427309334278108 -0.083912510835479015 0.12443677696303046 -0.03945865384406514 0.27618224024772636 0.21663558460772037 0.073137387583653138 0.089532853993320838 0.26196490177198462 0.078191369275252026 -0.094066618934273719 0.021391213935596613 0.13338467728346587 0.13980534161130587 -0.066483419229659974 0.24271817905828358 0.18074034771748954 0.093284217229691047 0.08738485972086589 0.077213777948952761 0.2256349052895199 0.039326574580698485 0.079881318984553223 0.10224120295964755 0.19295582544621956 0.078017416567756584 -0.042661384778092962 0.028850809871306962 -0.071187304652688146
leaf_weight=108 40 9.9999999999999982 543 58 90 13.000000000000002 20 14.999999999999998 59 19 11.999999999999998 75 197 30 30 17 15.999999999999998 13.999999999999998 29 18 162 10.999999999999998 41 32 12.999999999999998 81 12.999999999999998 270 106 19
leaf_count=108 40 10 543 58 90 13 20 15 59 19 12 75 197 30 30 17 16 14 29 18 162 11 41 32 13 81 13 270 106 19
internal_value=0 0.0720203 -0.0823804 0.109276 0.032294 0.0408852 0.0924838 0.0867888 0.0235501 0.178659 -0.070222 -0.0493985 0.0123954 0.0278986 0.0790187 0.115428 0.101721 0.0684232 0.0342397 0.160483 0.066312 0.105183 0.091799 0.128891 0.189212 0.164365 -0.0246316 -0.0538364 0.0580851 0.0132477
internal_weight=0 1153 1008 595 558 518 456 436 408 34 900 357 349 246 402 104 94 60 46 34 298 110 99 58 26 139 103 345 268 216
internal_count=2161 1153 1008 595 558 518 456 436 408 34 900 357 349 246 402 104 94 60 46 34 298 110 99 58 26 139 103 345 268 216
is_linear=0
shrinkage=0.05


Tree=19
num_leaves=31
num_cat=0
split_feature=4 4 5 8 6 8 3 4 5 4 0 8 5 3 5 0 7 4 7 3 5 7 8 6 6 7 8 8 8 0
split_gain=4640.85 540.299 480.841 300.014 248.975 112.081 109.631 101.97 94.3298 90.8229 85.8156 85.6593 92.3043 95.7428 145.118 119.145 133.48 80.3941 141.89 79.6602 76.6909 83.5709 67.6391 66.7838 54.9854 75.8572 54.9559 55.8497 54.1089 50.6834
threshold=11.265601944444446 4.5469169444444448 15.988725694444446 12.788533148148149 17.678947976190482 8.9443137962962975 257.50000000000006 28.065750277777784 12.666532083333335 18.502768472222225 4.5000000000000009 15.779678750000002 16.343149861111112 259.50000000000006 27.976171805555563 4.5000000000000009 4.107694198851787 6.6169400000000005 5.999805399151259 283.50000000000006 18.149357777777784 5.3045220298764333 9.5479187592592591 16.426454285714289 15.850023253968255 3.8209537604189014 15.003059990740743 13.477976597222224 17.917490347222223 5.5000000000000009
decision_type=2 2 2 2 2 2 2 2 2 2 2 2 2 2 2 2 2 2 2 2 2 2 2 2 2 2 2 2 2 2
left_child=1 6 4 19 5 10 -1 11 -6 -7 -2 20 -13 14 -14 16 -15 -5 -19 -3 21 26 -21 -11 25 -22 27 -4 -10 -17
right_child=2 3 7 17 8 9 -8 -9 28 23 -12 12 13 15 -16 29 -18 18 -20 22 24 -23 -24 -25 -26 -27 -28 -29 -30 -31
leaf_value=-0.16792551713814546 -0.056405270210605984 -0.072521445321831773 -0.0077390661183744675 -0.091952366009354594 0.25984235453818527 0.040380418849653092 -0.058133415850224329 0.28051480174064641 0.070536209742228198 0.13212004295897251 0.069516087245000038 0.27317958089212574 0.079831520124630198 0.16422745065718164 0.27969140470027926 0.28626921407878403 -0.010087234924236934 0.021391760830364721 0.21385270878672602 -0.050126716034952556 0.27300343265136084 0.17773732495578853 0.023464692602991253 0.027895369211381135 0.087480230070650589 0.11398855216801168 -0.058893175928720412 0.10435991388931871 0.17670910295099021 0.17849654077241819
leaf_weight=144 47 647 20 11.999999999999998 13.999999999999998 429 27 9.9999999999999982 30 51 19 11.999999999999998 99 41 9.9999999999999982 20 14.999999999999998 74 10.999999999999998 200 11.999999999999998 10.999999999999998 37 22 44 20 13.999999999999998 25 20 24
leaf_count=144 47 647 20 12 14 429 27 10 30 51 19 12 99 41 10 20 15 74 11 200 12 11 37 22 44 20 14 25 20 24
internal_value=0 -0.0685742 0.0782928 -0.0542779 0.0516342 0.0411 -0.15059 0.122983 0.145126 0.0491534 -0.0201552 0.118691 0.138324 0.130582 0.0981673 0.165913 0.117536 0.0291953 0.0462985 -0.0634372 0.088971 0.0512118 -0.0386378 0.10071 0.123749 0.173619 0.0276222 0.0545381 0.113005 0.227484
internal_weight=0 1152 1009 981 632 568 171 377 64 502 66 367 221 209 109 100 56 97 85 884 146 70 237 73 76 32 59 45 50 44
internal_count=2161 1152 1009 981 632 568 171 377 64 502 66 367 221 209 109 100 56 97 85 884 146 70 237 73 76 32 59 45 50 44
is_linear=0
shrinkage=0.05


Tree=20
num_leaves=31
num_cat=0
split_feature=6 4 4 8 4 8 0 3 3 8 0 0 0 7 5 7 4 4 7 5 5 4 3 7 6 4 5 8 8 7
split_gain=4197.27 567.242 413.3 226.311 170.528 140.162 165.229 126.357 119.439 119.417 97.6932 146.527 122.424 111.908 106.265 102.976 93.1956 91.084 88.9335 86.3335 73.3559 75.3674 72.7393 71.1357 100.961 69.2143 58.4141 56.1697 114.96 50.7132
threshold=9.8702468055555581 16.288005138888892 5.1916847222222229 14.338153625000002 6.15768638888889 18.206278481481487 4.5000000000000009 348.50000000000006 55.500000000000007 3.4510294212962966 4.5000000000000009 1.0000000180025095e-35 5.5000000000000009 3.8209537604189014 16.199987500000002 2.850766451331197 15.262786944444446 8.1141669444444471 5.0617203556581449 18.106551944444451 9.8607133333333348 25.944082361111114 326.50000000000006 2.7226133244010611 10.788418531746034 12.764056666666669 24.158181388888892 14.521979884259261 15.344892773148151 4.9021653530162199
decision_type=2 2 2 2 2 2 2 2 2 2 2 2 2 2 2 2 2 2 2 2 2 2 2 2 2 2 2 2 2 2
left_child=2 3 8 17 -5 19 7 -7 -1 -4 11 14 15 27 -6 -12 -17 29 -15 20 -3 -22 -11 -19 -25 -14 -8 -13 -29 -2
right_child=1 5 9 4 10 6 26 -9 -10 22 12 13 25 18 -16 16 -18 23 -20 -21 21 -23 -24 24 -26 -27 -28 28 -30 -31
leaf_value=-0.19345086261407654 -0.092538841962814339 0.16003040569248025 0.1049715363166549 -0.12652673450383276 0.23238451731832407 0.082152163886871091 0.36848480748859314 0.281373009942472 -0.11148278637203586 -0.065906659011717411 0.034605381494531261 0.17689337134361269 -0.072931190878152821 -0.026992942650309382 0.060310574489481308 0.23946340133746469 0.085507704783231026 0.00086750418389912201 0.056899752594151747 0.13663873729449744 0.066420274337518626 0.20688597083091739 -0.015361695025039576 0.1657253040932119 0.032143744175917789 0.091131786339812809 0.20896823580066362 -0.0061832836318400607 0.11894730107651817 0.032967479052868759
leaf_weight=67 30 27 10.999999999999998 10.999999999999998 19 39 11.000000000000002 9.9999999999999982 132 719 12.999999999999998 13.999999999999998 10.000000000000002 68 17 33 13.999999999999998 198 59 103 212 9.9999999999999982 79 15.999999999999998 122 18 11.999999999999998 31 45 10.999999999999998
leaf_count=67 30 27 11 11 19 39 11 10 132 719 13 14 10 68 17 33 14 198 59 103 212 10 79 16 122 18 12 31 45 11
internal_value=0 0.0651541 -0.0745265 0.0384081 0.067239 0.11114 0.174703 0.122809 -0.13908 -0.0586474 0.0734895 0.0577059 0.118867 0.0422075 0.151127 0.159155 0.193604 0.0114891 0.0119808 0.098138 0.082212 0.0727476 -0.0609028 0.0200741 0.0476315 0.0325379 0.285259 0.0848606 0.0679072 -0.0588664
internal_weight=0 1153 1008 729 352 424 72 49 199 809 341 253 88 217 36 60 47 377 127 352 249 222 798 336 138 28 23 90 76 41
internal_count=2161 1153 1008 729 352 424 72 49 199 809 341 253 88 217 36 60 47 377 127 352 249 222 798 336 138 28 23 90 76 41
is_linear=0
shrinkage=0.05


Tree=21
num_leaves=31
num_cat=0
split_feature=4 4 5 6 6 4 5 7 3 3 4 0 4 0 7 8 4 5 4 0 8 4 7 5 8 5 2 5 4 0
split_gain=3798.04 444.11 397.826 245.561 180.159 101.148 92.4743 90.6883 87.7182 92.3144 71.6569 76.4617 93.7802 69.9279 124.756 90.1786 70.1247 69.0125 68.6628 66.3833 71.4134 60.5254 102.223 82.3158 60.2857 57.7071 63.2958 65.2002 54.9303 65.0489
threshold=11.265601944444446 3.5885445833333334 15.279502222222224 9.6500401984126984 17.60563922619048 17.379186388888893 12.666532083333335 2.7706849786688603 13.500000000000002 353.50000000000006 14.18662416666667 3.5000000000000004 11.663135555555558 1.0000000180025095e-35 4.0461256150907268 15.779678750000002 25.944082361111114 25.844183750000003 6.2589938888888907 5.5000000000000009 14.521979884259261 6.6169400000000005 5.999805399151259 15.402214583333334 15.094089689814817 16.343149861111112 1.5000000000000002 17.997837638888893 11.708262777777779 1.0000000180025095e-35
decision_type=2 2 2 2 2 2 2 2 2 2 2 2 2 2 2 2 2 2 2 2 2 2 2 2 2 2 2 2 2 2
left_child=1 -1 4 18 8 28 -6 -5 -2 10 11 -10 -13 14 -7 24 17 25 -3 -12 -21 23 -23 -9 -15 -17 -27 -28 -4 -30
right_child=2 3 5 7 6 13 -8 21 9 -11 19 12 -14 15 -16 16 -18 -19 -20 20 -22 22 -24 -25 -26 26 27 -29 29 -31
leaf_value=-0.15437074401376086 0.13722458221018316 -0.093211409087605224 0.18091355781736118 -0.045415849260753025 0.24108335269348966 0.15506597333587702 0.091775272265076646 0.061224202190836255 -0.015079011059696638 0.11401282459978135 0.035323864404625933 -0.06988664180040359 0.067707539342907852 0.12851002112250118 -0.053463755204127383 0.25575490504503251 0.27469381434576856 0.2803732931613922 -0.05680946799734015 0.054668993689119809 0.22499718636274341 0.021335689189039511 0.17154365176191699 -0.10783753167423937 0.013191673356820555 0.068922544090912266 0.078819428165169333 0.19662333587674719 0.15153400540369116 0.068726973200264649
leaf_weight=117 20 161 13.999999999999998 80 13.999999999999998 16.000000000000004 40 12.000000000000002 155 31 203 14.999999999999998 71 34 12.999999999999998 9.9999999999999982 13.999999999999998 9.9999999999999982 663 16.000000000000004 9.9999999999999982 88 12.999999999999998 18 17 29 17 38 27 195
leaf_count=117 20 161 14 80 14 16 40 12 155 31 203 15 71 34 13 10 14 10 663 16 10 88 13 18 17 29 17 38 27 195
internal_value=0 -0.0620357 0.0708277 -0.0515978 0.0435516 0.106965 0.130485 -0.00346941 0.0345413 0.0304421 0.02493 0.00589912 0.0437086 0.133318 0.0615871 0.145627 0.169639 0.155497 -0.063922 0.0449582 0.12018 0.0221467 0.0406694 -0.0402128 0.0900706 0.142212 0.128695 0.160211 0.0848558 0.0787981
internal_weight=0 1152 1009 1035 575 434 54 211 521 501 470 241 86 198 29 169 118 104 824 229 26 131 101 30 51 94 84 55 236 222
internal_count=2161 1152 1009 1035 575 434 54 211 521 501 470 241 86 198 29 169 118 104 824 229 26 131 101 30 51 94 84 55 236 222
is_linear=0
shrinkage=0.05


Tree=22
num_leaves=31
num_cat=0
split_feature=6 4 4 5 3 4 5 0 8 5 7 3 0 3 7 8 7 6 7 5 6 7 7 5 6 4 5 5 4 5
split_gain=3430.06 465.013 340.514 217.176 122.078 113.314 125.806 108.381 98.1256 98.5658 90.574 88.5957 79.4087 78.3139 75.9675 74.5043 84.5732 107.256 81.4582 74.168 69.8742 65.412 81.1484 65.2277 63.0371 63.4042 86.5989 62.8751 60.5016 55.5872
threshold=9.8702468055555581 13.149361666666669 4.7455594444444449 19.134771111111114 354.50000000000006 6.6169400000000005 14.771711250000001 5.5000000000000009 16.182321527777784 13.982184027777778 4.8512667519522177 55.500000000000007 3.5000000000000004 13.500000000000002 2.850766451331197 16.712079638888891 2.6611118869273684 15.584606765873017 5.1240399889643804 16.199987500000002 16.604312261904767 3.6652935849863693 5.1240399889643804 21.170668333333335 17.60563922619048 13.974490416666669 13.007177222222223 15.787569305555555 22.312278333333335 6.7910004166666669
decision_type=2 2 2 2 2 2 2 2 2 2 2 2 2 2 2 2 2 2 2 2 2 2 2 2 2 2 2 2 2 2
left_child=2 5 11 4 7 -2 29 13 9 -6 -4 -1 21 14 -3 16 17 -15 24 -19 -8 23 -23 -5 25 26 -18 28 -9 -7
right_child=1 3 10 12 8 6 20 27 -10 -11 -12 -13 -14 15 -16 -17 18 19 -20 -21 -22 22 -24 -25 -26 -27 -28 -29 -30 -31
leaf_value=-0.17733892523325409 -0.064145195465534918 0.033073161542415609 -0.056132480235830319 0.08951928466558455 0.16224397005779401 0.10470767175922027 0.084442600353183794 0.12411142490033447 0.20948247273380938 -0.033039309084415436 0.082231922447681433 -0.1034582340468963 0.16166056844420232 0.037795192299478031 0.20376371210440994 0.081505497047744166 -0.14437982487181819 0.23168396449514797 0.06397576843451519 0.08001577467902711 -0.016060442326679119 -0.017736771135103135 0.12299015132710339 0.23842088133096695 -0.1208486351777207 0.020894928914626604 0.040321914174339994 0.065281899537770985 0.26673354864120485 -0.0015292014307122629
leaf_weight=65 40 11.000000000000002 823 19.000000000000004 14.000000000000002 12.999999999999998 98 29 26 11.999999999999998 11.999999999999998 108 97 83 15.999999999999998 112 15.000000000000002 13.999999999999998 59 19 21 21 20 11.999999999999998 10.999999999999998 106 10.999999999999998 31 9.9999999999999982 233
leaf_count=65 40 11 823 19 14 13 98 29 26 12 12 108 97 83 16 112 15 14 59 19 21 21 20 12 11 106 11 31 10 233
internal_value=0 0.0588992 -0.0673718 0.0822641 0.0677086 0.0157462 0.0245014 0.0604967 0.140798 0.0721132 -0.054144 -0.131217 0.132132 0.0516224 0.134223 0.0464359 0.0340843 0.068111 0.0145443 0.14436 0.0667068 0.0923507 0.0509105 0.147159 -0.00585055 0.00373262 -0.0662368 0.118433 0.160681 0.00408494
internal_weight=0 1153 1008 748 579 405 365 527 52 26 835 173 169 457 27 430 318 116 202 33 119 72 41 31 143 132 26 70 39 246
internal_count=2161 1153 1008 748 579 405 365 527 52 26 835 173 169 457 27 430 318 116 202 33 119 72 41 31 143 132 26 70 39 246
is_linear=0
shrinkage=0.05


Tree=23
num_leaves=31
num_cat=0
split_feature=4 4 5 8 6 3 4 8 5 0 7 7 8 8 3 3 6 4 5 7 4 6 4 4 7 7 6 7 8 3
split_gain=3107.77 363.796 330.483 213.085 181.205 88.1418 78.3557 77.9724 74.809 74.7678 72.7278 65.5795 63.7974 76.0169 84.9901 82.0632 68.1186 66.9153 63.2199 61.5992 60.605 69.3682 71.927 57.1016 110.69 56.5172 101.142 112.695 91.4568 139.611
threshold=11.265601944444446 3.9178323611111119 15.988725694444446 12.738921236111112 17.678947976190482 283.50000000000006 28.065750277777784 8.9443137962962975 12.666532083333335 4.5000000000000009 3.3721399402476409 6.7997332411712987 9.3730547361111132 9.7752587777777808 315.50000000000006 307.50000000000006 11.929823492063493 19.083904166666674 27.976171805555563 4.5466405185973846 5.6746701388888896 6.2446280555555571 6.5082573611111121 6.6169400000000005 5.999805399151259 4.0461256150907268 17.835522817460323 4.6575724448475757 15.902132203703706 30.500000000000004
decision_type=2 2 2 2 2 2 2 2 2 2 2 2 2 2 2 2 2 2 2 2 2 2 2 2 2 2 2 2 2 2
left_child=1 -1 4 5 7 20 18 9 -6 -2 -7 12 16 -14 15 17 -9 -15 25 -19 -3 22 -22 -5 -25 28 -27 -28 -4 -30
right_child=2 3 6 23 8 10 -8 11 -10 -11 -12 -13 13 14 -16 -17 -18 19 -20 -21 21 -23 -24 24 -26 26 27 -29 29 -31
leaf_value=-0.13323587245963239 -0.051946483358265239 -0.10083786089801126 0.071810056878033504 -0.077966683854659408 0.22388654792947427 -0.037791303958210377 0.23921052992343902 0.047417841156323748 0.093122658539563419 0.06559021286666393 0.045360763097802799 0.16043695455247708 -0.10354992032051087 0.019306860304068515 0.069992188854286305 -0.10614644909898441 0.21588959306478503 0.14933733753859998 0.21022841557860375 0.0060437009825060764 0.11949440136551857 -0.062023620240723915 -0.030429525263607506 0.016739887515703836 0.18658230467276141 0.098420771474585597 -0.14108286350965502 0.049241553588071842 0.073639147977034247 0.18115788190248047
leaf_weight=135 47 90 93 11.999999999999998 13.999999999999998 213 9.9999999999999982 15.000000000000002 50 19 30 10.999999999999998 9.9999999999999982 282 130 11.999999999999998 9.9999999999999982 20 11.999999999999998 11.999999999999998 9.9999999999999982 536 40 75 10.999999999999998 92 9.9999999999999982 35 51 74
leaf_count=135 47 90 93 12 14 213 10 15 50 19 30 11 10 282 130 12 10 20 12 12 10 536 40 75 11 92 10 35 51 74
internal_value=0 -0.056116 0.064069 -0.0458788 0.041968 -0.0533526 0.101119 0.032981 0.121727 -0.0181102 -0.0275256 0.0396982 0.0369933 0.0328187 0.0358093 0.0221781 0.114807 0.0270822 0.0973561 0.0956022 -0.0626365 -0.0567694 -0.00044474 0.0242071 0.0384639 0.0935407 0.0683747 0.00694724 0.109356 0.13729
internal_weight=0 1152 1009 1017 632 919 377 568 64 66 243 502 491 466 456 326 25 314 367 32 676 586 50 98 86 355 137 45 218 125
internal_count=2161 1152 1009 1017 632 919 377 568 64 66 243 502 491 466 456 326 25 314 367 32 676 586 50 98 86 355 137 45 218 125
is_linear=0
shrinkage=0.05


Tree=24
num_leaves=31
num_cat=0
split_feature=4 6 5 6 6 4 8 7 5 0 7 5 4 7 0 0 8 6 5 0 4 4 4 8 8 8 3 3 6 4
split_gain=2804.76 336.277 298.261 182.54 163.538 70.716 70.3701 69.1698 67.5151 67.4779 59.1855 58.4025 71.3082 111.859 57.9777 126.893 87.3952 100.43 78.0305 64.1441 75.616 64.8566 58.2723 67.1547 57.5771 68.6053 76.7036 74.062 61.477 60.3911
threshold=11.265601944444446 4.0431576587301601 15.988725694444446 8.9821330158730159 17.678947976190482 28.065750277777784 8.9443137962962975 3.5677892120961809 12.666532083333335 4.5000000000000009 6.7997332411712987 11.075213611111112 6.6169400000000005 5.999805399151259 4.5000000000000009 5.5000000000000009 17.917490347222223 16.709290019841273 16.288005138888892 1.5000000000000002 23.088485000000002 17.186526250000004 15.475875138888892 16.876161120370377 9.3730547361111132 9.7752587777777808 315.50000000000006 307.50000000000006 11.929823492063493 19.083904166666674
decision_type=2 2 2 2 2 2 2 2 2 2 2 2 2 2 2 2 2 2 2 2 2 2 2 2 2 2 2 2 2 2
left_child=1 -1 4 7 6 14 9 -3 -6 -2 24 -5 -13 -14 18 16 17 -16 -4 20 -20 22 23 -21 28 -26 27 29 -8 -27
right_child=2 3 5 11 8 -7 10 -9 -10 -11 -12 12 13 -15 15 -17 -18 -19 19 21 -22 -23 -24 -25 25 26 -28 -29 -30 -31
leaf_value=-0.14610697958204483 -0.049349161265219786 -0.05557645865279888 0.21248715206980706 -0.035580802654000397 0.21269221790134907 0.22725000292062761 0.045046950678030641 -0.11303108486167171 0.088466525971889504 0.062310702603702486 0.15241511321880602 -0.056535661502464397 0.0075001508609414853 0.16754700069626172 0.18790469880614963 0.068163523494764441 0.26080450555857493 0.058173228141206956 0.11555010776168534 -0.0079279116988182075 -0.029895666688680652 0.084745828596488493 -0.060837405174970632 0.12325288391439244 -0.098372424431145189 0.018341517543043705 0.06649258000919453 -0.10083912288149198 0.2050951120257378 0.090822113561443985
leaf_weight=90 47 647 9.9999999999999982 188 13.999999999999998 9.9999999999999982 15.000000000000002 57 50 19 10.999999999999998 37 121 11.999999999999998 35 71 17 26 84 25 9.9999999999999982 53 20 15.999999999999998 9.9999999999999982 282 130 11.999999999999998 9.9999999999999982 32
leaf_count=90 47 647 10 188 14 10 15 57 50 19 11 37 121 12 35 71 17 26 84 25 10 53 20 16 10 282 130 12 10 32
internal_value=0 -0.0533102 0.0608655 -0.045446 0.0398696 0.0960629 0.031332 -0.0602283 0.115641 -0.0172047 0.0377133 -0.0163769 0.00486037 0.0219405 0.0924883 0.116527 0.160549 0.132609 0.0760585 0.0694994 0.100077 0.0442862 0.00913279 0.0432646 0.0351436 0.0311778 0.0340188 0.0210692 0.109066 0.0257281
internal_weight=0 1152 1009 1062 632 377 568 704 64 66 502 358 170 133 367 149 78 61 218 208 94 114 61 41 491 466 456 326 25 314
internal_count=2161 1152 1009 1062 632 377 568 704 64 66 502 358 170 133 367 149 78 61 218 208 94 114 61 41 491 466 456 326 25 314
is_linear=0
shrinkage=0.05


Tree=25
num_leaves=31
num_cat=0
split_feature=6 4 4 8 0 8 0 8 4 5 4 2 3 2 8 3 3 0 8 6 8 7 5 4 4 3 4 4 8 4
split_gain=2532.83 357.646 260.434 146.035 135.731 104.093 120.609 100.513 100.487 101.788 98.3442 95.7398 81.8454 67.5796 77.5057 73.445 61.0007 60.342 59.5258 97.2831 58.8537 57.2371 56.0449 55.7763 55.5349 51.6219 50.917 50.0029 47.6995 53.887
threshold=9.8702468055555581 16.288005138888892 5.1916847222222229 15.344892773148151 1.0000000180025095e-35 18.206278481481487 4.5000000000000009 3.4510294212962966 8.1141669444444471 16.620181666666667 9.6623263888888911 11.500000000000002 50.500000000000007 7.5000000000000009 14.537980476851853 245.50000000000003 326.50000000000006 2.5000000000000004 16.543384958333338 17.030610892857148 13.599917810185186 4.4483396445924681 14.026637777777779 18.106551944444451 23.76459763888889 309.50000000000006 17.186526250000004 20.05630305555556 17.679649745370373 20.37111069444445
decision_type=2 2 2 2 2 2 2 2 2 2 2 2 2 2 2 2 2 2 2 2 2 2 2 2 2 2 2 2 2 2
left_child=2 3 12 8 21 13 11 -4 25 -10 -6 -7 -1 14 20 -15 -9 -17 19 23 -3 -5 -16 -19 -8 -2 -24 -25 29 -20
right_child=1 5 7 4 10 6 24 16 9 -11 -12 -13 -14 15 22 17 -18 18 28 -21 -22 -23 26 27 -26 -27 -28 -29 -30 -31
leaf_value=-0.15974795368679784 -0.084889042505196174 0.06308715261518956 0.10482199872547592 0.10386856326367702 -0.056401985726858443 0.062177883413357615 0.30450265659735748 -0.051940066150327438 0.011478681498571171 0.073339167860103777 0.063505494643590954 0.23559098005294801 -0.088820893013141528 0.18888640486096081 -0.022893288762619101 0.053293380434624851 -0.0056528635269997617 0.048625996292685159 0.28858974769711482 -0.026095074007753283 0.19675206068371023 0.27303867995738984 -0.024433774501085283 0.24077407351384555 0.14777510911226274 0.043923779726028449 0.071772970078099116 0.093188271468335943 0.08528590266903241 0.14231493526740988
leaf_weight=57 35 20 10.999999999999998 10.000000000000002 19 39 13.000000000000002 719 394 80 171 9.9999999999999982 142 19 33 80 79 15.999999999999998 10.000000000000002 15.999999999999998 13.999999999999998 9.9999999999999982 17 12.000000000000002 9.9999999999999982 9.9999999999999982 72 10.999999999999998 14.999999999999998 17
leaf_count=57 35 20 11 10 19 39 13 719 394 80 171 10 142 19 33 80 79 16 10 16 14 10 17 12 10 10 72 11 15 17
internal_value=0 0.0506129 -0.0578935 0.0293755 0.0645565 0.0871272 0.141905 -0.0452886 0.0151404 0.0219193 0.0515147 0.0975683 -0.109137 0.0759227 0.0513659 0.0954679 -0.0473577 0.0854399 0.111953 0.0777246 0.118126 0.188454 0.0327607 0.120317 0.23636 -0.056264 0.0533964 0.17019 0.156775 0.196491
internal_weight=0 1153 1008 729 210 424 72 809 519 474 190 49 199 352 156 196 798 177 97 55 34 20 122 39 23 45 89 23 42 27
internal_count=2161 1153 1008 729 210 424 72 809 519 474 190 49 199 352 156 196 798 177 97 55 34 20 122 39 23 45 89 23 42 27
is_linear=0
shrinkage=0.05


Tree=26
num_leaves=31
num_cat=0
split_feature=4 6 5 6 6 4 7 5 8 0 5 8 5 4 4 6 5 3 7 3 3 8 4 6 7 4 8 8 7 7
split_gain=2295.72 280.301 247.149 148.638 137.85 61.1217 60.0909 59.2636 58.44 60.9121 53.1738 52.7587 77.783 64.7971 62.9765 59.4783 63.2574 82.0725 144.429 81.6412 76.8166 64.6296 55.5752 55.9173 51.7192 62.6602 90.5621 77.0398 68.0096 49.2662
threshold=11.265601944444446 4.0431576587301601 15.988725694444446 8.9821330158730159 17.678947976190482 28.065750277777784 3.5677892120961809 12.666532083333335 8.9443137962962975 4.5000000000000009 6.8486527777777786 15.779678750000002 16.343149861111112 12.71018416666667 12.521273750000001 15.428733511904765 27.976171805555563 30.500000000000004 4.0583417479326167 129.50000000000003 316.50000000000006 16.806132375000004 13.906680555555559 17.835522817460323 2.9953956664961496 6.6169400000000005 9.0707130972222245 11.871306458333335 5.999805399151259 5.335780972723998
decision_type=2 2 2 2 2 2 2 2 2 2 2 2 2 2 2 2 2 2 2 2 2 2 2 2 2 2 2 2 2 2
left_child=1 -1 4 6 8 11 -3 -6 9 -2 -10 13 -13 -4 -14 -16 17 -17 21 -20 -21 -19 -15 -24 -5 27 -27 -26 29 -28
right_child=2 3 5 24 7 -7 -8 -9 10 -11 -12 12 14 22 15 16 -18 18 19 20 -22 -23 23 -25 25 26 28 -29 -30 -31
leaf_value=-0.13295270186745459 -0.046656977599288559 -0.05005396750479954 0.15221616643316604 -0.0306819929638701 0.19644715195255621 0.2090694230794907 -0.10360540839140875 0.080060024674981842 0.090793940677356577 0.059431419913706034 0.029273407828968003 0.22298508776972692 -0.02436187050559304 -0.030598546094016028 0.19790124983659813 0.037521233397626114 0.20725713670253754 0.27571090102195739 0.14561850125236173 -0.087672591741595959 0.065034044422209267 0.13712533940824698 0.078295275921278371 -0.016011327191403038 0.054852890968322757 -0.11369172260165215 0.042836048107751656 -0.087193194329738627 0.15574675127863885 -0.075702074468135844
leaf_weight=90 47 647 17 211 13.999999999999998 9.9999999999999982 57 50 38 19 464 11.999999999999998 10.999999999999998 19 13.999999999999998 62 10.999999999999998 9.9999999999999982 13.999999999999998 13.999999999999998 20 53 91 19 13.999999999999998 9.9999999999999982 71 30 11.999999999999998 9.9999999999999982
leaf_count=90 47 647 17 211 14 10 57 50 38 19 464 12 11 19 14 62 11 10 14 14 20 53 91 19 14 10 71 30 12 10
internal_value=0 -0.0482305 0.0550659 -0.0410507 0.0359535 0.0871059 -0.0543898 0.10552 0.0281151 -0.0161164 0.0339303 0.0837827 0.0991913 0.0604586 0.0920835 0.0985527 0.0909936 0.0836011 0.109339 0.0439984 0.00215484 0.159123 0.0483665 0.062006 -0.0148195 0.00794916 0.0292853 -0.0419967 0.0446591 0.0282017
internal_weight=0 1152 1009 1062 632 377 704 64 568 66 502 367 221 146 209 198 184 173 111 48 34 63 129 110 358 147 103 44 93 81
internal_count=2161 1152 1009 1062 632 377 704 64 568 66 502 367 221 146 209 198 184 173 111 48 34 63 129 110 358 147 103 44 93 81
is_linear=0
shrinkage=0.05


Tree=27
num_leaves=31
num_cat=0
split_feature=4 4 5 6 7 0 8 8 3 4 7 5 6 0 5 3 5 7 8 7 6 6 7 8 5 0 6 4 6 8
split_gain=2071.89 257.107 225.92 137.189 113.576 131.183 126.392 115.667 80.392 67.5867 70.5002 68.2286 74.9477 65.0736 64.1856 61.0882 97.0456 76.9129 72.4745 69.2013 60.8469 59.0331 58.6568 54.5844 54.5196 67.7013 65.42 73.4258 73.3607 71.1597
threshold=11.265601944444446 3.2404041666666665 18.106551944444451 8.9821330158730159 5.1240399889643804 4.5000000000000009 13.599917810185186 16.037268611111113 344.50000000000006 23.558135138888893 3.6927473298139231 14.898957916666669 16.290685297619053 2.5000000000000004 14.573799444444445 36.500000000000007 25.217173472222225 3.9013834227528776 17.373883000000003 3.3357372545035058 12.023338452380953 16.92457563492064 3.1652196340103376 16.286442750000003 9.6521098611111125 5.5000000000000009 13.835138134920637 9.6623263888888911 15.23746801587302 13.985846861111112
decision_type=2 2 2 2 2 2 2 2 2 2 2 2 2 2 2 2 2 2 2 2 2 2 2 2 2 2 2 2 2 2
left_child=1 -1 4 -3 6 8 -2 -7 13 10 14 12 -12 20 21 16 18 19 -4 -17 -6 -8 -5 -10 -24 26 29 28 -28 -26
right_child=2 3 15 22 5 7 9 -9 23 -11 11 -13 -14 -15 -16 17 -18 -19 -20 -21 -22 -23 24 -25 25 -27 27 -29 -30 -31
leaf_value=-0.11926013039838937 0.0059267283026833107 -0.051065604039978764 -0.085938362715144961 -0.028728842681771817 0.18692355692386628 0.3180294632911681 0.045436952188429608 0.083072974566708924 0.071653829531913432 0.17275878973305225 0.010699204036427545 -0.051223781370911103 0.1195568760413499 -0.0074827640067513402 0.086342882723584188 0.11858149658431089 0.17452932046009945 0.080323574544551468 0.055011651919860599 0.22475772358122326 0.051586385129247694 -0.083694506287574771 -0.079853232151695666 0.23305907726287842 0.039583514574160046 -0.07484499566257001 0.029754288630052042 0.054918492613015346 -0.14569001988722727 0.16578490340616556
leaf_weight=108 291 695 11.999999999999998 216 9.9999999999999982 10.000000000000002 77 10.999999999999998 11.000000000000002 10.999999999999998 64 29 21 41 127 57 12.999999999999998 96 38 21 49 9.9999999999999982 13.999999999999998 9.9999999999999982 37 14.999999999999998 11.000000000000002 27 12.999999999999998 15.999999999999998
leaf_count=108 291 695 12 216 10 10 77 11 11 11 64 29 21 41 127 57 13 96 38 21 49 10 14 10 37 15 11 27 13 16
internal_value=0 -0.045819 0.0523127 -0.0382216 0.0392037 0.079599 0.0300988 0.194957 0.0595782 0.0508482 0.0467598 0.0149996 0.0375935 0.0409018 0.0636787 0.0950134 0.0528264 0.110288 0.0211836 0.147167 0.0745249 0.0305943 -0.0126441 0.148513 0.0134786 0.0244588 0.0387815 -0.00164458 -0.065278 0.077682
internal_weight=0 1152 1009 1044 772 142 630 21 121 339 328 114 85 100 214 237 63 174 50 78 59 87 349 21 133 119 104 51 24 53
internal_count=2161 1152 1009 1044 772 142 630 21 121 339 328 114 85 100 214 237 63 174 50 78 59 87 349 21 133 119 104 51 24 53
is_linear=0
shrinkage=0.05


Tree=28
num_leaves=31
num_cat=0
split_feature=6 4 4 8 0 5 8 0 8 4 5 3 7 8 3 5 5 5 3 3 5 5 8 6 3 5 8 6 6 3
split_gain=1874.65 275.445 202.717 111.994 129.786 125.611 95.3091 92.0185 85.5927 81.761 75.9782 72.5717 70.7114 65.2005 120.447 126.74 89.9843 76.1982 69.5733 63.3444 59.2871 72.1941 115.933 59.4095 58.2396 54.4416 53.2863 69.5745 52.6053 58.0946
threshold=9.8702468055555581 16.459661666666669 5.1916847222222229 15.344892773148151 1.0000000180025095e-35 16.199987500000002 18.206278481481487 4.5000000000000009 3.4510294212962966 8.1141669444444471 16.620181666666667 348.50000000000006 3.5252783853933862 17.429635523148153 107.50000000000001 19.134771111111114 19.903467638888895 14.898957916666669 21.500000000000004 50.500000000000007 18.106551944444451 10.750139027777779 14.537980476851853 12.589047400793655 69.500000000000014 24.158181388888892 7.6601629212962967 6.4036780357142868 12.990362638888891 219.50000000000003
decision_type=2 2 2 2 2 2 2 2 2 2 2 2 2 2 2 2 2 2 2 2 2 2 2 2 2 2 2 2 2 2
left_child=2 3 19 9 5 -5 20 11 -4 28 -11 -8 -6 14 16 17 18 -16 -14 -1 21 22 -3 -23 -20 -9 -10 -28 29 -2
right_child=1 6 8 4 12 -7 7 25 26 10 -12 -13 13 -15 15 -17 -18 -19 24 -21 -22 23 -24 -25 -26 -27 27 -29 -30 -31
leaf_value=-0.13954143586911655 -0.074251450510586001 0.1737072811032144 0.099836374988610102 0.29013346758755765 0.089886988555653066 0.045284873172640801 0.05716815496215949 0.29186621904373161 -0.05594214281774889 0.0099273521524859722 0.06332742710015736 0.2089785897731781 0.092243358790874461 0.075369008110706195 0.058731750507528581 0.16889189453795553 -0.17756025542815526 -0.082134414464235306 -0.15532402515411373 -0.077143643536722997 0.097621057162033675 -0.078646426051855095 -0.019930737380954355 0.046357350357963401 0.011397873813455757 0.13786918446421623 0.089119342576789995 -0.03285183806168069 -0.12808570951223372 0.066160005789536694
leaf_weight=57 17.000000000000004 26 10.999999999999998 11.000000000000002 57 9.9999999999999982 37 11.000000000000002 331 398 80 9.9999999999999982 10.000000000000002 43 24 15.999999999999998 11.999999999999998 15.999999999999998 10.000000000000002 142 101 9.9999999999999982 10.999999999999998 192 10.999999999999998 11.999999999999998 11.999999999999998 455 14.999999999999998 12.999999999999998
leaf_count=57 17 26 11 11 57 10 37 11 331 398 80 10 10 43 24 16 12 16 10 142 101 10 11 192 11 12 12 455 15 13
internal_value=0 0.043543 -0.0498066 0.0253891 0.0553194 0.173539 0.0764414 0.129571 -0.0386858 0.0127989 0.0188646 0.0894682 0.042844 0.0239605 0.0016316 0.0499586 -0.0613059 0.00238528 -0.0163042 -0.0950164 0.065503 0.0519301 0.116139 0.040169 -0.0679935 0.21152 -0.0405952 -0.0297177 -0.0516329 -0.0134065
internal_weight=0 1153 1008 743 220 21 410 70 809 523 478 47 199 142 99 56 43 40 31 199 340 239 37 202 21 23 798 467 45 30
internal_count=2161 1153 1008 743 220 21 410 70 809 523 478 47 199 142 99 56 43 40 31 199 340 239 37 202 21 23 798 467 45 30
is_linear=0
shrinkage=0.05


Tree=29
num_leaves=31
num_cat=0
split_feature=4 6 5 7 0 8 6 8 3 0 7 7 3 0 8 3 5 7 8 7 7 7 8 2 6 8 7 4 4 7
split_gain=1694.54 216.273 187.955 105.842 124.59 108.797 104.908 100.524 70.5277 62.8295 172.774 102.666 71.8454 57.8188 57.9852 52.2705 87.9246 67.4049 62.4091 60.1925 50.4299 47.3839 47.0781 46.1772 45.6571 56.8907 50.1435 47.0581 54.7738 42.0845
threshold=11.18685263888889 4.0431576587301601 18.106551944444451 5.1240399889643804 4.5000000000000009 13.599917810185186 8.9821330158730159 16.037268611111113 344.50000000000006 3.5000000000000004 2.5863495799990845 2.5863495799990845 28.500000000000004 2.5000000000000004 13.673836981481482 36.500000000000007 25.217173472222225 3.9013834227528776 17.373883000000003 3.3357372545035058 3.5677892120961809 7.0622548343337384 16.286442750000003 2.5000000000000004 9.5984788888888897 13.194043958333335 2.3732542488896926 16.288005138888892 16.909725138888891 3.7718874502418207
decision_type=2 2 2 2 2 2 2 2 2 2 2 2 2 2 2 2 2 2 2 2 2 2 2 2 2 2 2 2 2 2
left_child=1 -1 3 5 8 24 20 -6 13 11 23 -7 -12 14 -5 16 18 19 -4 -17 -3 -8 -10 -11 -2 27 -27 -26 -29 -14
right_child=2 6 15 4 7 9 21 -9 22 10 12 -13 29 -15 -16 17 -18 -19 -20 -21 -22 -23 -24 -25 25 26 -28 28 -30 -31
leaf_value=-0.11617949507302708 -0.040353097844248016 -0.042640204789065078 -0.082631659073134273 0.14617136006846149 0.30049215704202648 0.087828308197536648 -0.016411728905719323 0.085844979660275086 0.065980161387811986 -0.088864252490124529 0.22595759506026902 0.0092312699435452318 0.12477143705719047 -0.0090416277690631586 0.0367239556009216 0.10791009812240016 0.16273540797141883 0.071994515957097369 0.048164968996455795 0.20693427608126688 -0.092102258479488761 0.089027697389776062 0.2158771574497223 0.027296617550944743 0.0089208305675676607 0.011172378659248349 -0.14716824531555175 0.16928633213043215 0.036166380225297286 0.048318415014073253
leaf_weight=90 48 646 11.999999999999998 17 10.000000000000002 56 340 11.999999999999998 11.000000000000002 13.999999999999998 11.999999999999998 161 45 41 42 57 12.999999999999998 96 38 21 56 10.999999999999998 9.9999999999999982 22 186 10.000000000000002 9.9999999999999982 9.9999999999999982 34 30
leaf_count=90 48 646 12 17 10 56 340 12 11 14 12 161 45 41 42 57 13 96 38 21 56 11 10 22 186 10 10 10 34 30
internal_value=0 -0.0417849 0.0469157 0.0350806 0.0739596 0.0263663 -0.0354264 0.183412 0.0540592 0.0456965 0.0742454 0.0295144 0.112365 0.0365661 0.0682596 0.0859165 0.0468928 0.100046 0.0167738 0.13457 -0.0465859 -0.0131074 0.13736 -0.0178771 0.0043117 0.0128873 -0.0679979 0.0199208 0.0664209 0.0941902
internal_weight=0 1143 1018 781 143 638 1053 22 121 340 123 217 87 100 59 237 63 174 50 78 702 351 21 36 298 250 20 230 44 75
internal_count=2161 1143 1018 781 143 638 1053 22 121 340 123 217 87 100 59 237 63 174 50 78 702 351 21 36 298 250 20 230 44 75
is_linear=0
shrinkage=0.05


Tree=30
num_leaves=31
num_cat=0
split_feature=6 4 4 4 0 7 5 4 6 8 7 0 7 5 0 8 2 3 5 4 2 3 7 4 6 0 7 6 4 6
split_gain=1530.43 226.275 169.743 86.3786 76.5435 84.6557 82.7459 130.291 96.1147 74.9731 67.5126 58.8356 111.675 65.1204 57.7339 137.142 55.4374 53.1079 50.3725 57.2585 88.999 48.7461 48.3269 92.91 58.1028 51.9653 47.8803 47.6 47.0421 66.9559
threshold=9.8702468055555581 16.909725138888891 5.1916847222222229 11.18685263888889 1.0000000180025095e-35 3.8437853406371976 7.2591244444444447 25.944082361111114 14.086918670634924 3.4510294212962966 4.8512667519522177 3.5000000000000004 2.2432046690534606 15.787569305555555 1.0000000180025095e-35 15.344892773148151 3.5000000000000004 50.500000000000007 19.603653194444448 20.37111069444445 1.5000000000000002 326.50000000000006 4.5831315566901774 15.14759388888889 14.109458829365082 4.5000000000000009 2.7706849786688603 18.297392242063498 6.6169400000000005 13.078063511904764
decision_type=2 2 2 2 2 2 2 2 2 2 2 2 2 2 2 2 2 2 2 2 2 2 2 2 2 2 2 2 2 2
left_child=2 3 17 26 5 -3 -6 8 -8 -4 -7 14 13 -13 15 -5 -17 -1 -10 20 -20 -11 -14 24 -24 -26 -2 -21 29 -28
right_child=1 4 9 11 6 10 7 -9 18 21 -12 12 22 -15 -16 16 -18 -19 19 27 -22 -23 23 -25 25 -27 28 -29 -30 -31
leaf_value=-0.12714088527779829 -0.041933803456292183 0.086269629376474768 0.094818404655564917 0.017738472195524796 0.21679443059997128 -0.11334676939461913 -0.011217839117435848 0.19134761433562508 0.062470734859168348 -0.04070924172239114 0.024813904520124198 0.027759049803018573 0.095124345657381204 -0.085521835044902919 0.010863508820358109 0.25546751603484147 0.088978147208690642 -0.070006899645840615 0.042530692082185018 -0.0067661106586456299 0.19997121033997373 0.00066816427190847041 -0.027034744843840598 -0.068576508760452279 0.054587018139222079 0.18738489414636905 0.027555346190929416 0.11117068122733723 0.030221154993956851 -0.10536917431486979
leaf_weight=57 60 30 10.999999999999998 51 10.999999999999998 13.999999999999998 34 23 158 719 24 50 108 17 285 10.000000000000002 9.9999999999999982 142 12.999999999999998 13.999999999999998 29 79 9.9999999999999982 14.999999999999998 17.000000000000004 12.999999999999998 20 22 97 18
leaf_count=57 60 30 11 51 11 14 34 23 158 719 24 50 108 17 285 10 10 142 13 14 29 79 10 15 17 13 20 22 97 18
internal_value=0 0.0393427 -0.0450022 0.0240558 0.071437 0.0234819 0.0821638 0.0771094 0.067378 -0.0348259 -0.0260874 0.033648 0.0533587 -0.000983861 0.0209135 0.0612552 0.172223 -0.0863719 0.0787011 0.111578 0.15124 -0.036613 0.0756958 0.0375452 0.0773409 0.112133 -0.00476982 0.0653064 0.0117475 -0.0354089
internal_weight=0 1153 1008 781 372 68 304 293 270 809 38 586 230 67 356 71 20 199 236 78 42 798 163 55 40 30 195 36 135 38
internal_count=2161 1153 1008 781 372 68 304 293 270 809 38 586 230 67 356 71 20 199 236 78 42 798 163 55 40 30 195 36 135 38
is_linear=0
shrinkage=0.05


Tree=31
num_leaves=31
num_cat=0
split_feature=4 6 5 4 8 3 3 4 7 0 7 6 7 7 8 8 7 4 5 3 6 6 5 0 7 0 4 6 7 4
split_gain=1381.42 180.811 158.667 102.285 92.3944 73.9814 70.5833 69.3002 82.492 58.5597 124.364 97.7689 88.3404 85.1476 96.1633 79.298 81.8808 66.9687 58.2213 56.1609 54.4906 75.136 74.6459 53.262 59.0959 51.2932 50.6608 49.7181 48.5398 46.7069
threshold=11.18685263888889 4.0431576587301601 15.111768750000001 22.312278333333335 9.018240824074077 353.50000000000006 349.50000000000006 6.6169400000000005 3.1652196340103376 4.5000000000000009 2.2432046690534606 22.264103253968255 7.3602638895980812 3.7718874502418207 12.048307296296299 17.249400476851854 5.9076885229667262 20.37111069444445 17.822052638888895 221.50000000000003 14.109458829365082 13.985002420634924 10.826034722222225 5.5000000000000009 4.3231247755257671 4.5000000000000009 11.708262777777779 15.183102361111112 3.5252783853933862 7.8767305555555565
decision_type=2 2 2 2 2 2 2 2 2 2 2 2 2 2 2 2 2 2 2 2 2 2 2 2 2 2 2 2 2 2
left_child=1 -1 3 5 -3 6 20 19 -9 11 -11 12 13 -4 -15 16 17 -12 -17 -6 21 -2 27 24 -20 -5 -24 -22 -7 -10
right_child=2 4 9 25 7 28 -8 8 29 10 15 -13 -14 14 -16 18 -18 -19 23 -21 22 -23 26 -25 -26 -27 -28 -29 -30 -31
leaf_value=-0.10574989767150125 0.010072771547129378 -0.041414725950031747 0.061093367909579692 0.069354617688804868 -0.091052261069416995 0.0019560248777270319 -0.095803005461181923 -0.018824737074319274 0.12167814453442892 -0.020344395222871202 0.12061747361905872 0.19656732678413391 0.19024234771728518 0.13392985239624977 -0.0173844924544461 0.26084476821124553 -0.040296812240894028 0.010655825916263793 0.09782185419039291 0.01529710872305764 0.18897207618380582 -0.098425518808995971 -0.070071903215004852 0.073927853580402297 0.25826670294627546 0.20413712531328204 0.03231515583578138 0.057582527440455222 0.13481242248619146 0.02491852149266649
leaf_weight=90 260 746 160 24 40 9.9999999999999982 13.999999999999998 160 14.999999999999998 23 60 10.999999999999998 9.9999999999999982 11.999999999999998 84 9.9999999999999982 12.999999999999998 18 11.000000000000002 18 12.000000000000002 17 12.999999999999998 23 11.999999999999998 9.9999999999999982 171 18 22 74
leaf_count=90 260 746 160 24 40 10 14 160 15 23 60 11 10 12 84 10 13 18 11 18 12 17 13 23 12 10 171 18 22 74
internal_value=0 -0.0377274 0.04236 0.0248947 -0.0319135 0.0195698 0.0148981 -0.00882592 0.0026393 0.0646702 0.0877712 0.0504926 0.044452 0.038757 0.0015298 0.104687 0.0758791 0.0952417 0.151501 -0.0580473 0.0180546 0.00341403 0.0370052 0.12773 0.181532 0.108997 0.0250813 0.110138 0.0932948 0.0412263
internal_weight=0 1143 1018 571 1053 537 505 307 249 447 170 277 266 256 96 147 91 78 56 58 491 277 214 46 23 34 184 30 32 89
internal_count=2161 1143 1018 571 1053 537 505 307 249 447 170 277 266 256 96 147 91 78 56 58 491 277 214 46 23 34 184 30 32 89
is_linear=0
shrinkage=0.05


Tree=32
num_leaves=31
num_cat=0
split_feature=6 4 4 3 3 3 4 0 6 8 4 2 6 8 8 5 4 4 4 5 8 7 3 5 8 7 7 3 4 3
split_gain=1248.8 187.707 141.959 71.3526 98.1761 86.1874 81.642 73.6539 109.177 85.1704 97.6111 86.1137 81.0747 68.4378 66.484 64.1905 54.138 59.0808 55.1159 65.8 53.5494 48.9279 48.1354 49.4718 47.7375 55.2619 82.0262 55.0698 46.5499 43.6122
threshold=9.8702468055555581 16.909725138888891 5.1916847222222229 362.50000000000006 353.50000000000006 351.50000000000006 11.923905277777779 4.5000000000000009 11.782042003968256 14.621990115740742 15.103325972222224 5.5000000000000009 15.428733511904765 18.556032208333338 3.4510294212962966 18.149357777777784 20.37111069444445 23.318712500000004 18.676260416666668 21.170668333333335 12.603907930555559 3.8437853406371976 292.50000000000006 9.1711186111111136 17.06428991666667 1.2981415363427533 1.902723563657053 14.500000000000002 14.756326944444446 326.50000000000006
decision_type=2 2 2 2 2 2 2 2 2 2 2 2 2 2 2 2 2 2 2 2 2 2 2 2 2 2 2 2 2 2
left_child=2 3 22 4 5 6 -2 24 -9 -10 12 -12 -11 15 -4 -3 18 -18 -17 -20 -6 -15 -1 -24 25 -8 -27 -26 -29 -16
right_child=1 13 14 -5 20 -7 7 8 9 10 11 -13 -14 21 29 16 17 -19 19 -21 -22 -23 23 -25 27 26 -28 28 -30 -31
leaf_value=-0.087590840268347958 -7.2034740746444593e-05 0.042578771484043938 0.090739205818284652 -0.10482839494943619 0.041421557357534756 -0.11883433596654372 -0.065487092435359953 0.22745210688561202 0.0065436271570470869 0.25199146627520136 -0.05154597212870915 0.13787610143423082 0.086117879695752089 0.18719985302951603 -0.036902407122173922 0.074251178387672673 0.00091523164166853988 0.1283161532666002 0.10225957348011433 0.25370294523353759 0.18536082591329303 0.078148514249672507 0.059705657263596834 -0.083867486814657846 -0.026194434373506478 0.08873447451348368 0.0094615887947283803 0.028048444973925751 0.12446258321644799 0.0022354715992991304
leaf_weight=175 264 230 10.999999999999998 10.999999999999998 12.000000000000002 10.999999999999998 20 9.9999999999999982 49 13.000000000000002 15.000000000000002 9.9999999999999982 17 18 719 31 26 13.999999999999998 16.000000000000004 12.999999999999998 13.999999999999998 24 12.000000000000002 11.999999999999998 13.999999999999998 38 231 21 31 79
leaf_count=175 264 230 11 11 12 11 20 10 49 13 15 10 17 18 719 31 26 14 16 13 14 24 12 12 14 38 231 21 31 79
internal_value=0 0.035539 -0.0406512 0.0216157 0.023422 0.0200845 0.0221692 0.0346888 0.0696546 0.0544818 0.0971903 0.0242229 0.157996 0.0647704 -0.031345 0.0571194 0.090563 0.0455056 0.120601 0.170148 0.118927 0.124885 -0.0784841 -0.0120809 0.0234604 0.0146983 0.02066 0.0618278 0.0855261 -0.0330279
internal_weight=0 1153 1008 781 770 744 733 469 114 104 55 25 30 372 809 330 100 40 60 29 26 42 199 24 355 289 269 66 52 798
internal_count=2161 1153 1008 781 770 744 733 469 114 104 55 25 30 372 809 330 100 40 60 29 26 42 199 24 355 289 269 66 52 798
is_linear=0
shrinkage=0.05


Tree=33
num_leaves=31
num_cat=0
split_feature=6 4 4 8 0 5 0 7 5 4 6 7 3 3 8 3 0 5 5 7 3 5 8 5 7 7 8 3 8 4
split_gain=1127.94 177.69 135.533 68.7278 108.765 84.7283 65.0664 75.2823 74.463 108.222 81.0253 58.8765 77.1173 87.5021 59.2934 98.8525 98.0217 86.482 62.0132 57.562 56.9422 50.2569 70.0853 49.3536 46.2212 44.7458 47.996 64.6164 44.148 43.44
threshold=9.6500401984126984 16.909725138888891 3.7320545833333338 15.344892773148151 1.0000000180025095e-35 16.199987500000002 1.0000000180025095e-35 3.8437853406371976 7.2591244444444447 25.944082361111114 14.086918670634924 3.7718874502418207 85.500000000000014 295.50000000000006 17.06428991666667 107.50000000000001 4.5000000000000009 17.449892638888894 13.913414583333335 5.0180163416540102 362.50000000000006 13.007177222222223 10.003195171296298 17.449892638888894 4.8512667519522177 4.1226364817024388 17.967101810185188 253.50000000000003 16.354906768518521 8.4343763888888894
decision_type=2 2 2 2 2 2 2 2 2 2 2 2 2 2 2 2 2 2 2 2 2 2 2 2 2 2 2 2 2 2
left_child=2 3 -1 20 5 -5 7 -3 -8 10 -10 12 -6 -14 15 17 18 28 -17 -9 21 -2 -23 -20 -4 -16 -27 -28 -13 -24
right_child=1 6 24 4 11 -7 8 19 9 -11 -12 14 13 -15 25 16 -18 -19 23 -21 -22 22 29 -25 -26 26 27 -29 -30 -31
leaf_value=-0.091385633037758207 -0.00079753898242844424 0.076527657300854729 -0.034310413172776631 0.22242140195199417 0.0067157711337010075 0.041363982918361825 0.19913652403788135 -0.10562831059098243 -0.014405004340497888 0.17074170358802962 0.068154415044680991 0.041370118237458731 0.20837600668271383 0.056727215636951427 -0.040187874808907509 0.071687368303537377 0.15577312251552941 -0.18072843001439021 -0.14455926578491921 0.020270108067147113 -0.10791302934288978 0.14723411941279968 -0.040385647242267925 0.0089176018891686751 0.064503847761079675 0.12805837123166949 0.088742895610630493 -0.073276941478252408 -0.098368960767984404 0.030622399818994818
leaf_weight=112 314 30 857 14.000000000000002 30 11.999999999999998 10.999999999999998 14.999999999999998 34 23 236 13.000000000000002 14.999999999999998 26 10.999999999999998 13.999999999999998 11.999999999999998 12.999999999999998 10.000000000000002 23 9.9999999999999982 11.999999999999998 24 10.999999999999998 11.999999999999998 21 16.000000000000004 9.9999999999999982 9.9999999999999982 210
leaf_count=112 314 30 857 14 30 12 11 15 34 23 236 13 15 26 11 14 12 13 10 23 10 12 24 11 12 21 16 10 10 210
internal_value=0 0.0329366 -0.0396179 0.0197714 0.0423387 0.138856 0.0615319 0.0173179 0.0714218 0.0666271 0.057758 0.0305017 0.0676341 0.112208 0.0118038 -0.0153006 0.0324554 -0.0776485 -0.00982503 -0.0294266 0.0103486 0.0124604 0.0293832 -0.0641666 -0.0329459 0.050591 0.0718371 0.0264276 -0.019386 0.0233395
internal_weight=0 1180 981 808 238 26 372 68 304 293 270 212 71 41 141 83 47 36 35 38 570 560 246 21 869 58 47 26 23 234
internal_count=2161 1180 981 808 238 26 372 68 304 293 270 212 71 41 141 83 47 36 35 38 570 560 246 21 869 58 47 26 23 234
is_linear=0
shrinkage=0.05


Tree=34
num_leaves=31
num_cat=0
split_feature=4 6 5 4 8 4 7 3 3 3 5 3 0 7 6 7 7 0 8 7 8 8 0 8 6 5 0 3 7 8
split_gain=1023.31 142.26 120.535 82.4043 74.7627 57.5968 84.9002 54.6435 61.1006 49.6504 54.5538 48.1134 46.5484 105.997 81.9812 77.8233 73.6078 70.5034 61.7799 60.2748 49.3254 50.9867 63.8993 49.272 65.9004 45.4338 45.4094 45.1 42.4463 41.6716
threshold=11.265601944444446 4.0431576587301601 15.111768750000001 22.312278333333335 9.018240824074077 6.6169400000000005 5.999805399151259 353.50000000000006 349.50000000000006 155.50000000000003 17.581187500000002 221.50000000000003 4.5000000000000009 2.2432046690534606 22.264103253968255 7.3602638895980812 2.5045787508001847 5.5000000000000009 11.094473587962964 3.1903196501889952 15.987528509259262 17.188973046296301 1.5000000000000002 17.249400476851854 16.92457563492064 20.337216250000004 4.5000000000000009 141.50000000000003 4.3879801818755766 15.277717912037039
decision_type=2 2 2 2 2 2 2 2 2 2 2 2 2 2 2 2 2 2 2 2 2 2 2 2 2 2 2 2 2 2
left_child=1 -1 3 7 -3 11 9 8 -2 10 -7 -6 14 -14 15 16 -4 19 -18 -15 29 22 -22 24 -21 -23 -5 -24 -19 -20
right_child=2 4 12 26 5 6 -8 -9 -10 -11 -12 -13 13 17 -16 -17 18 28 20 23 21 25 27 -25 -26 -27 -28 -29 -30 -31
leaf_value=-0.092557607162743805 0.015502719490267894 -0.035642267442622687 0.072317380812892226 0.059537415951490404 -0.082022822108119731 -0.030608713006856983 0.13356343507766724 0.080942254981416606 -0.090452062232153754 0.025240991508811324 0.076706535541094273 0.016412442591455249 -0.023050149659747665 0.21626768271128338 0.17725515013391324 0.1747786331176758 0.13509752546437084 0.091199159186060849 0.0018837581021767674 0.11462793245359704 0.14086841858095595 0.030681462623178959 -0.046318721391547177 0.16782479710876941 -0.026195159430305166 -0.052341023503014672 0.18635426424443724 0.094918888658285142 0.014359675208106638 -0.089581527356058357
leaf_weight=90 484 750 80 24 40 133 11.999999999999998 31 13.999999999999998 96 12.999999999999998 18 23 14.999999999999998 10.999999999999998 9.9999999999999982 9.9999999999999982 41 33 27 18 45 13.000000000000002 20 11.999999999999998 26 9.9999999999999982 9.9999999999999982 32 20
leaf_count=90 484 750 80 24 40 133 12 31 14 96 13 18 23 15 11 10 10 41 33 27 18 45 13 20 12 26 10 10 32 20
internal_value=0 -0.0322007 0.0367644 0.021383 -0.0270858 -0.0065172 0.00374851 0.0165335 0.0125241 -0.00268859 -0.0210532 -0.0514739 0.0561807 0.0767626 0.0435035 0.0379516 0.0325858 0.0923796 0.0144228 0.126772 0.00710915 0.025915 0.0703092 0.104019 0.0712978 0.000278862 0.0968365 0.0150889 0.0575161 -0.0326314
internal_weight=0 1152 1009 563 1062 312 254 529 498 242 146 58 446 170 276 265 255 147 175 74 165 112 41 59 39 71 34 23 73 53
internal_count=2161 1152 1009 563 1062 312 254 529 498 242 146 58 446 170 276 265 255 147 175 74 165 112 41 59 39 71 34 23 73 53
is_linear=0
shrinkage=0.05


Tree=35
num_leaves=31
num_cat=0
split_feature=4 4 5 7 4 3 3 4 6 4 6 4 6 8 4 3 5 3 0 7 6 7 7 8 7 0 7 8 6 0
split_gain=923.876 128.239 110.037 88.4965 74.7531 55.3715 61.7743 48.0504 46.4546 75.9449 45.44 45.1374 44.1765 90.0141 43.5405 43.7665 71.8961 44.3205 42.6015 95.6619 74.2098 70.4287 70.3786 88.0294 90.0168 63.6293 54.398 44.468 59.4751 40.982
threshold=11.18685263888889 5.6746701388888896 15.111768750000001 5.999805399151259 22.312278333333335 352.50000000000006 349.50000000000006 9.6874291666666696 6.2446280555555571 6.4362904166666679 6.0002335317460327 6.8917488888888894 14.086918670634924 12.788533148148149 11.895733333333334 20.500000000000004 13.571066666666669 339.50000000000006 4.5000000000000009 2.2432046690534606 22.264103253968255 7.3602638895980812 4.0461256150907268 12.048307296296299 4.4203745258575688 5.5000000000000009 3.1903196501889952 17.249400476851854 16.92457563492064 4.5000000000000009
decision_type=2 2 2 2 2 2 2 2 2 2 2 2 2 2 2 2 2 2 2 2 2 2 2 2 2 2 2 2 2 2
left_child=1 10 4 7 5 6 14 8 9 -3 -1 -10 13 -13 -2 16 -16 -17 20 -20 21 22 -4 -24 -25 26 -21 28 -28 -6
right_child=2 3 18 -5 29 -7 -8 -9 11 -11 -12 12 -14 -15 15 17 -18 -19 19 25 -22 -23 23 24 -26 -27 27 -29 -30 -31
leaf_value=-0.083576724224443011 -0.020508196063976931 0.13181881565939299 0.049101662158771139 0.10277175690446581 0.056560544068148977 0.078290660401354684 -0.096142501785204962 -0.00058019315395292572 -0.061370802182359852 -0.015066386314786294 -0.041112908094914427 -0.0283397435763733 -0.13136611968278886 0.11623717072335156 0.01773131750524044 0.011941974638696997 0.18863416474312544 0.079520288783197224 -0.021897641634163651 0.20545429756244024 0.1683923904191364 0.16603969693183901 0.11864422330011924 -0.14142258954899653 -0.00016229964214666136 0.054640293416044074 0.10889653420006787 0.15943355523049832 -0.024885401253898942 0.17703655509278179
leaf_weight=126 76 10.999999999999998 172 13.999999999999998 24 33 12.999999999999998 176 119 44 126 506 9.9999999999999982 10.999999999999998 16.000000000000004 363 9.9999999999999982 26 23 14.999999999999998 10.999999999999998 9.9999999999999982 11.999999999999998 13.999999999999998 58 73 27 20 11.999999999999998 9.9999999999999982
leaf_count=126 76 11 172 14 24 33 13 176 119 44 126 506 10 11 16 363 10 26 23 15 11 10 12 14 58 73 27 20 12 10
internal_value=0 -0.0308532 0.0346417 -0.0219465 0.0200971 0.0155449 0.0114366 -0.0239374 -0.0298017 0.0143107 -0.0623448 -0.0335574 -0.027277 -0.0252636 0.0142849 0.0206566 0.0834632 0.0164588 0.0532209 0.0729245 0.0411285 0.0358657 0.0307808 -0.00673332 -0.0276296 0.0877606 0.120433 0.0988178 0.0677329 0.0919947
internal_weight=0 1143 1018 891 571 537 504 877 701 55 252 646 527 517 491 415 26 389 447 170 277 266 256 84 72 147 74 59 39 34
internal_count=2161 1143 1018 891 571 537 504 877 701 55 252 646 527 517 491 415 26 389 447 170 277 266 256 84 72 147 74 59 39 34
is_linear=0
shrinkage=0.05


Tree=36
num_leaves=31
num_cat=0
split_feature=6 4 4 3 3 3 4 0 6 8 8 8 4 2 8 5 7 7 6 5 4 5 7 4 4 5 8 0 4 3
split_gain=836.716 136.583 105.416 59.7176 82.6569 71.4683 61.1701 61.3003 105.49 56.1852 55.5333 55.3415 92.0766 65.5271 59.2856 57.2812 53.1999 68.3708 51.6367 50.7156 48.5364 47.0024 66.4493 46.7652 45.422 54.9891 44.8108 104.869 50.5285 50.2964
threshold=9.6500401984126984 16.909725138888891 5.1916847222222229 362.50000000000006 353.50000000000006 351.50000000000006 12.558779305555559 4.5000000000000009 12.163584265873018 3.4510294212962966 18.556032208333338 14.621990115740742 15.103325972222224 5.5000000000000009 12.544822555555557 16.620181666666667 7.0622548343337384 6.2538494212991997 15.428733511904765 18.149357777777784 20.37111069444445 22.186870555555558 5.6438164496373737 23.318712500000004 18.676260416666668 21.170668333333335 15.344892773148151 1.0000000180025095e-35 16.459661666666669 14.500000000000002
decision_type=2 2 2 2 2 2 2 2 2 2 2 2 2 2 2 2 2 2 2 2 2 2 2 2 2 2 2 2 2 2
left_child=2 3 -1 4 5 6 16 26 -9 -4 19 14 18 -14 -10 -16 17 -2 -13 -3 24 22 -12 -22 -21 -26 28 -28 -8 -29
right_child=1 10 9 -5 -6 -7 7 8 11 -11 21 12 13 -15 15 -17 -18 -19 -20 20 23 -23 -24 -25 25 -27 27 29 -30 -31
leaf_value=-0.066819782362220248 0.0017180762530199373 0.0336215029389638 0.086299864405935456 -0.098878563805059952 0.10280723556477045 -0.11118255718187853 -0.0042985457408974857 0.21054306382482704 0.10533309951424599 -0.027502923613464021 0.22371131030044378 0.23673917800188057 -0.053066824277242013 0.11216926902532579 -0.089797486240665109 0.059454100131988534 0.090868075098842385 -0.12504799758846111 0.090058296869198487 0.062637759408643176 -0.00606135164315884 0.046512685302231051 0.054956268444657334 0.10728584825992585 0.087632492836564768 0.22607696056365967 0.15792608709238909 -0.072185283278425535 0.088666680105961862 0.036388266547874082
leaf_weight=197 322 230 10.999999999999998 10.999999999999998 28 10.999999999999998 169 10.999999999999998 9.9999999999999982 773 14.000000000000002 10.000000000000002 15.000000000000002 9.9999999999999982 18.000000000000004 9.9999999999999982 15.999999999999998 10.999999999999998 14.999999999999998 31 26 18 9.9999999999999982 13.999999999999998 16.000000000000004 12.999999999999998 17 11.999999999999998 15.999999999999998 96
leaf_count=197 322 230 11 11 28 11 169 11 10 773 14 10 15 10 18 10 16 11 15 31 26 18 10 14 16 13 17 12 16 96
internal_value=0 0.0283678 -0.0341223 0.0168255 0.0184224 0.0153498 0.0171861 0.0303067 0.0645601 -0.0259062 0.0534382 0.0463122 0.0808791 0.0130276 0.000829401 -0.0364933 0.00180969 -0.00246939 0.148731 0.0465462 0.076273 0.107589 0.153397 0.0336102 0.104715 0.149694 0.0193678 0.0424943 0.00374169 0.0243245
internal_weight=0 1180 981 808 797 769 758 409 99 784 372 88 50 25 38 28 349 333 25 330 100 42 24 40 60 29 310 125 185 108
internal_count=2161 1180 981 808 797 769 758 409 99 784 372 88 50 25 38 28 349 333 25 330 100 42 24 40 60 29 310 125 185 108
is_linear=0
shrinkage=0.05


Tree=37
num_leaves=31
num_cat=0
split_feature=6 4 4 3 3 3 4 0 5 4 6 7 0 7 4 3 7 8 3 5 3 7 6 5 7 6 5 7 7 6
split_gain=755.136 123.266 96.27 53.8952 74.5978 64.5001 55.5391 53.2004 68.9672 86.9221 72.687 66.3964 49.8139 75.7027 80.2774 50.9593 47.0361 43.9293 40.6021 44.065 40.4223 47.7482 39.3639 67.2353 55.7877 76.9489 41.128 37.7834 49.2861 44.2273
threshold=9.6500401984126984 16.909725138888891 3.7320545833333338 362.50000000000006 353.50000000000006 351.50000000000006 11.923905277777779 1.0000000180025095e-35 7.2591244444444447 28.065750277777784 14.086918670634924 3.8437853406371976 4.5000000000000009 2.7030301154317811 15.262786944444446 143.50000000000003 5.0180163416540102 12.603907930555559 315.50000000000006 13.341427916666669 165.50000000000003 4.0583417479326167 14.921112222222224 15.636124722222222 3.6029312921405867 16.426454285714289 16.620181666666667 1.2981415363427533 1.8466728855746435 15.945616230158732
decision_type=2 2 2 2 2 2 2 2 2 2 2 2 2 2 2 2 2 2 2 2 2 2 2 2 2 2 2 2 2 2
left_child=2 3 -1 4 5 6 -2 11 -9 10 18 -3 27 -14 20 -16 -13 -6 19 -10 -15 -22 -12 24 25 -24 -25 -8 -29 -30
right_child=1 7 -4 -5 17 -7 12 8 9 -11 22 16 13 14 15 -17 -18 -19 -20 -21 21 -23 23 26 -26 -27 -28 28 29 -31
leaf_value=-0.076045838557183748 -0.00096294276780908058 0.066392313602070027 -0.026793011079790308 -0.093934641101143579 0.035038916420723702 -0.1056234289299358 -0.045805853740735487 0.18262041644616561 -0.13576992481946942 0.18687900335838398 0.12273548794063656 -0.10199555262923242 0.010076466487611041 0.1976005437783897 -0.041484237036534713 0.10232648625969887 0.011811129489670629 0.1602948280317443 0.059933437271551648 0.0038376619036381062 0.17625315491226498 0.030927953009422013 0.032024765992537139 0.13404159979386762 0.050181886491676181 -0.13174680746518649 0.060317356504361944 0.077099942522019974 0.0011975978468902982 0.041830344724596714
leaf_weight=112 288 30 869 10.999999999999998 14.000000000000002 10.999999999999998 22 10.999999999999998 10.000000000000002 11.999999999999998 22 14.999999999999998 51 15.999999999999998 14.000000000000002 10.999999999999998 23 13.999999999999998 10.999999999999998 12.999999999999998 10.000000000000002 12.999999999999998 16.000000000000004 22 39 12.999999999999998 135 36 195 102
leaf_count=112 288 30 869 11 14 11 22 11 10 12 22 15 51 16 14 11 23 14 11 13 10 13 16 22 39 13 135 36 195 102
internal_value=0 0.0269494 -0.0324162 0.0159842 0.0175013 0.0145823 0.0163268 0.0507662 0.059709 0.0550946 0.0494668 0.0107866 0.0269213 0.055521 0.0917346 0.0217925 -0.0331126 0.0976669 -0.0190748 -0.0568613 0.136569 0.0941128 0.0589017 0.0526602 0.0111291 -0.0413901 0.0706481 0.0176566 0.0218493 0.0151523
internal_weight=0 1180 981 808 797 769 758 372 304 293 281 68 470 115 64 25 38 28 34 23 39 23 247 225 68 29 157 355 333 297
internal_count=2161 1180 981 808 797 769 758 372 304 293 281 68 470 115 64 25 38 28 34 23 39 23 247 225 68 29 157 355 333 297
is_linear=0
shrinkage=0.05


Tree=38
num_leaves=31
num_cat=0
split_feature=4 6 0 5 6 8 8 8 6 7 5 8 5 5 6 2 5 7 6 6 8 3 3 3 7 7 0 8 5 0
split_gain=687.861 121.212 105.026 99.6339 85.4302 76.3837 76.2677 71.7014 67.5612 61.9389 67.2084 59.6011 64.8731 55.288 86.875 58.0284 66.06 52.9401 69.142 80.1531 48.8955 58.1778 71.7186 63.4915 43.8871 43.7044 71.2399 44.0299 97.1519 69.2885
threshold=9.6874291666666696 14.109458829365082 4.5000000000000009 10.826034722222225 4.0431576587301601 11.094473587962964 17.339484986111117 15.656359513888891 22.264103253968255 2.6184003589463525 18.106551944444451 8.9871577916666681 5.8859747222222234 19.01878708333334 15.75261371031746 5.5000000000000009 16.288005138888892 7.0622548343337384 15.23746801587302 13.442106646825398 12.130416476851854 355.50000000000006 362.50000000000006 351.50000000000006 4.4772274469699154 2.5045787508001847 3.5000000000000004 15.987528509259262 15.988725694444446 3.5000000000000004
decision_type=2 2 2 2 2 2 2 2 2 2 2 2 2 2 2 2 2 2 2 2 2 2 2 2 2 2 2 2 2 2
left_child=4 7 5 -4 -1 -3 13 11 20 -8 -11 -2 -13 15 -15 16 -5 18 19 -6 -7 23 -23 25 -17 26 -22 28 29 -27
right_child=1 2 3 6 17 8 9 -9 -10 10 -12 12 -14 14 -16 24 -18 -19 -20 -21 21 22 -24 -25 -26 27 -28 -29 -30 -31
leaf_value=-0.077845467357999756 -0.019186126255802117 0.10993723191607457 0.22330128282308578 -0.12888857329694123 -0.02825031885434064 -0.069944765766461692 0.0019647261671101052 -0.1259806676208973 0.13902116417011712 0.22661087742218605 0.096139551334014944 0.090283725174764795 0.013468667069129171 0.17533829864114525 0.031880045855688231 0.018995468903865137 0.037597121840173553 0.087700877189636234 -0.13821849040687084 0.088364952852328621 0.074295881687515025 0.12958379185199739 -0.023620489510622893 -0.10796957910060884 0.1355463334918022 -0.0055527136165978794 -0.035042242490147292 0.026252452433109287 -0.088919043123361574 0.11166824996471406
leaf_weight=90 134 26 9.9999999999999982 13.000000000000002 834 14.999999999999998 11.999999999999998 9.9999999999999982 11.999999999999998 12.999999999999998 41 30 328 15.999999999999998 31 42 10.999999999999998 9.9999999999999982 13.999999999999998 14.999999999999998 69 25 10.999999999999998 9.9999999999999982 9.9999999999999982 79 19 185 31 14.999999999999998
leaf_count=90 134 26 10 13 834 15 12 10 12 13 41 30 328 16 31 42 11 10 14 15 69 25 11 10 10 79 19 185 31 15
internal_value=0 0.0252917 0.0387988 0.0694937 -0.0314636 0.0265085 0.0613557 0.00656472 0.0219031 0.104716 0.127549 0.00925873 0.0199057 0.0380893 0.0807169 0.0117275 -0.0525826 -0.0266819 -0.0280074 -0.02619 0.0188412 0.0218407 0.0827714 0.0164644 0.0414091 0.0195909 0.0506888 0.0107631 -0.012161 0.0131528
internal_weight=0 1198 696 199 963 497 189 502 471 66 54 492 358 123 47 76 24 873 863 849 459 444 36 408 52 398 88 310 125 94
internal_count=2161 1198 696 199 963 497 189 502 471 66 54 492 358 123 47 76 24 873 863 849 459 444 36 408 52 398 88 310 125 94
is_linear=0
shrinkage=0.05


Tree=39
num_leaves=31
num_cat=0
split_feature=4 6 0 5 4 8 8 8 6 7 7 6 7 5 6 7 3 3 5 6 3 5 5 3 6 8 3 7 3 6
split_gain=620.795 109.394 94.7862 89.9196 79.4685 68.9362 68.8316 66.8257 62.9943 58.6265 58.1532 63.3463 55.8999 60.6556 54.9831 53.6327 52.1231 51.7913 136.159 80.7271 74.821 50.9393 50.7207 49.4556 84.8188 45.834 45.2753 43.9942 41.9967 40.3213
threshold=9.6874291666666696 14.109458829365082 4.5000000000000009 10.826034722222225 2.5419877777777784 11.094473587962964 17.339484986111117 15.420441574074077 17.242059226190481 6.7997332411712987 4.8512667519522177 13.934987996031747 2.6184003589463525 18.106551944444451 16.92457563492064 3.8672876807830128 355.50000000000006 241.50000000000003 16.288005138888892 15.850023253968255 319.50000000000006 12.814686250000003 12.397224722222225 294.50000000000006 17.914492678571431 12.651086856481482 317.50000000000006 2.5045787508001847 360.50000000000006 15.75261371031746
decision_type=2 2 2 2 2 2 2 2 2 2 2 2 2 2 2 2 2 2 2 2 2 2 2 2 2 2 2 2 2 2
left_child=4 7 5 -4 -1 29 17 9 14 21 15 -12 -8 -14 27 25 23 18 -5 -20 -19 22 -2 -10 -25 -6 -16 -7 -18 -3
right_child=1 2 3 6 10 8 12 -9 16 -11 11 -13 13 -15 26 -17 28 20 19 -21 -22 -23 -24 24 -26 -27 -28 -29 -30 -31
leaf_value=-0.077286896569493391 0.0010132783666051976 0.055214813258498897 0.21213621526956558 -0.10358148656785489 -0.026587923695077072 0.054749467881080122 0.0018664889503270388 -0.094305666968284643 0.050857818228580855 0.11868991181254387 0.10298174288537768 -0.024843640785132137 0.21528033339060271 0.091332575983208861 -0.10785800202025309 -0.080200477803443027 0.18408852497285058 0.1932916569709778 0.12723017200827599 -0.014832383189350368 0.044179100205875795 0.034171671862900259 -0.092971289654572811 0.06792782698022691 -0.072222997874021533 0.081135216355323794 0.0097605472803115861 0.0036188252407180913 0.053535389048712592 0.18320125594735148
leaf_weight=81 334 16.000000000000004 9.9999999999999982 20 786 53 11.999999999999998 15.999999999999998 112 11.999999999999998 18 21 12.999999999999998 41 18 47 11.000000000000002 9.9999999999999982 20 20 53 125 14.999999999999998 19 25 9.9999999999999982 14.999999999999998 204 13.999999999999998 9.9999999999999982
leaf_count=81 334 16 10 20 786 53 12 16 112 12 18 21 13 41 18 47 11 10 20 20 53 125 15 19 25 10 15 204 14 10
internal_value=0 0.0240271 0.0368588 0.066019 -0.0298904 0.025183 0.0582879 0.00623648 0.0208079 0.00954651 -0.0255377 0.0341527 0.09948 0.121172 0.00636181 -0.0282991 0.0439536 0.0361848 0.00293877 0.0561989 0.0678478 0.00678339 -0.00302617 0.0332124 -0.0117033 -0.0252346 -0.054395 0.0141633 0.110979 0.10444
internal_weight=0 1198 696 199 963 497 189 502 471 486 882 39 66 54 290 843 181 123 60 40 63 474 349 156 44 796 33 257 25 26
internal_count=2161 1198 696 199 963 497 189 502 471 486 882 39 66 54 290 843 181 123 60 40 63 474 349 156 44 796 33 257 25 26
is_linear=0
shrinkage=0.05


Tree=40
num_leaves=31
num_cat=0
split_feature=6 4 4 8 3 3 3 0 5 4 7 7 6 8 4 0 6 8 4 8 2 5 6 7 7 7 3 7 0 8
split_gain=561.132 91.3788 78.0305 48.8075 45.9892 62.6008 52.3561 42.9699 59.8808 72.9246 59.3736 65.2817 53.4843 47.0915 42.5074 44.701 97.2758 44.1951 71.1813 52.9133 50.3072 46.4878 45.9529 43.0346 59.4243 42.6072 55.0077 52.4631 45.5478 43.6206
threshold=9.6500401984126984 16.909725138888891 6.2589938888888907 3.4510294212962966 362.50000000000006 353.50000000000006 351.50000000000006 1.0000000180025095e-35 7.2591244444444447 25.944082361111114 4.0461256150907268 4.8512667519522177 14.086918670634924 17.728348472222226 12.558779305555559 4.5000000000000009 12.163584265873018 14.621990115740742 15.103325972222224 12.544822555555557 5.5000000000000009 16.620181666666667 15.428733511904765 7.0622548343337384 6.2538494212991997 2.7706849786688603 26.500000000000004 2.3732542488896926 5.5000000000000009 16.182321527777784
decision_type=2 2 2 2 2 2 2 2 2 2 2 2 2 2 2 2 2 2 2 2 2 2 2 2 2 2 2 2 2 2
left_child=2 4 -1 -4 5 6 14 10 -9 12 13 -12 -10 -3 23 -16 -17 19 22 -18 -20 -21 -19 24 25 27 -27 -2 29 -28
right_child=1 7 3 -5 -6 -7 -8 8 9 -11 11 -13 -14 -15 15 16 17 18 20 21 -22 -23 -24 -25 -26 26 28 -29 -30 -31
leaf_value=-0.050944477929247181 -0.0083208920941586478 0.011068621023812078 0.085207874124700378 -0.02093561657441069 -0.087747064977884301 0.088628443696403089 -0.095782526785677127 0.16630306270989506 -0.018435478309059845 0.13294024610001107 -0.14624690622091294 0.0058077443080643814 0.048640902701743594 0.13420288215080897 0.015685467125487424 0.19446144700050355 0.094836591705679901 0.21032585866749282 -0.049925786008437466 -0.087171363375253136 0.094854524135589605 0.047285262793302536 0.071953030126169326 0.081370534095913175 -0.11685498905452817 -0.056592459519478416 0.026700735136057387 -0.10443692806875333 -0.047074125376012591 0.11008106420437497
leaf_weight=268 126 22 10.999999999999998 702 10.999999999999998 28 10.999999999999998 10.999999999999998 34 23 9.9999999999999982 24 236 11.999999999999998 310 10.999999999999998 9.9999999999999982 10.000000000000002 15.000000000000002 18.000000000000004 9.9999999999999982 9.9999999999999982 14.999999999999998 15.999999999999998 10.999999999999998 22 122 15.999999999999998 18 18
leaf_count=268 126 22 11 702 11 28 11 11 34 23 10 24 236 12 310 11 10 10 15 18 10 10 15 16 11 22 122 16 18 18
internal_value=0 0.023231 -0.0279436 -0.0192981 0.0137901 0.0151915 0.0125175 0.0437373 0.0517744 0.0474746 0.00780678 -0.0389142 0.0401942 0.0545278 0.0140892 0.0250267 0.054277 0.0367539 0.0676442 -0.00389121 0.00798634 -0.0391511 0.127302 0.00127129 -0.00257732 0.00132658 0.017481 -0.0191509 0.027795 0.0374211
internal_weight=0 1180 981 713 808 797 769 372 304 293 68 34 270 34 758 409 99 88 50 38 25 28 25 349 333 322 180 142 158 140
internal_count=2161 1180 981 713 808 797 769 372 304 293 68 34 270 34 758 409 99 88 50 38 25 28 25 349 333 322 180 142 158 140
is_linear=0
shrinkage=0.05


Tree=41
num_leaves=31
num_cat=0
split_feature=4 6 0 5 6 8 8 8 6 8 7 5 7 5 3 5 4 3 6 8 3 3 3 7 6 6 3 7 7 6
split_gain=510.579 88.8308 80.6568 80.5738 68.9237 61.8906 60.7593 59.7193 56.3283 53.5162 67.1239 60.4222 49.5058 54.1637 46.0001 119.153 74.2741 66.415 47.9119 42.3566 46.2215 60.4236 53.9341 42.0232 61.9083 68.1144 37.7698 57.1635 36.7038 36.153
threshold=9.6874291666666696 14.109458829365082 4.5000000000000009 10.826034722222225 4.0431576587301601 11.094473587962964 17.339484986111117 15.420441574074077 22.264103253968255 8.9871577916666681 6.3151204899505933 4.3368548611111111 2.6184003589463525 19.903467638888895 241.50000000000003 16.288005138888892 15.262786944444446 319.50000000000006 15.850023253968255 12.130416476851854 355.50000000000006 362.50000000000006 351.50000000000006 7.0622548343337384 15.23746801587302 13.442106646825398 301.50000000000006 2.9953956664961496 5.1820783787200924 15.75261371031746
decision_type=2 2 2 2 2 2 2 2 2 2 2 2 2 2 2 2 2 2 2 2 2 2 2 2 2 2 2 2 2 2
left_child=4 7 5 -4 -1 29 14 9 19 -2 11 -11 -8 -14 15 -5 -17 -16 -18 -7 22 -22 -21 24 25 26 -6 -28 -15 -3
right_child=1 2 3 6 23 8 12 -9 -10 10 -12 -13 13 28 17 16 18 -19 -20 20 21 -23 -24 -25 -26 -27 27 -29 -30 -31
leaf_value=-0.068768226278738839 -0.018003807807299519 0.051068821828812352 0.19856779992580414 -0.098811491106171156 -0.029256888406436251 -0.066994889676570898 -0.00022602706837157409 -0.089287475496530544 0.12537664771080018 0.13067613115364857 0.14681275550276041 0.011559855664469685 0.19279354572296145 0.038354256715286861 0.18019483447074891 0.13861787329117456 0.075971463322639446 0.039708029434858072 -0.063473016821912351 0.016522559653248069 0.11571129578351975 -0.024912252548066054 -0.10104572892189026 0.079096539616584791 -0.12828014184321676 0.083328494653105739 -0.015534508589279745 0.06573237633475891 0.13617294500855839 0.17225935310125351
leaf_weight=90 134 16.000000000000004 9.9999999999999982 20 679 14.999999999999998 11.999999999999998 15.999999999999998 11.999999999999998 10.999999999999998 9.9999999999999982 331 14.999999999999998 22 9.9999999999999982 14.999999999999998 11.000000000000002 53 13.999999999999998 398 25 10.999999999999998 9.9999999999999982 9.9999999999999982 13.999999999999998 14.999999999999998 129 26 17 9.9999999999999982
leaf_count=90 134 16 10 20 679 15 12 16 12 11 10 331 15 22 10 15 11 53 14 398 25 11 10 10 14 15 129 26 17 10
internal_value=0 0.0217901 0.0333531 0.0602522 -0.0271075 0.0225826 0.0529339 0.0057585 0.0184371 0.00888759 0.0191247 0.0153911 0.0916352 0.112049 0.0321673 0.000835036 0.0506583 0.0620075 -0.00211745 0.0156413 0.018433 0.072743 0.013641 -0.0228126 -0.0239934 -0.0222737 -0.0241731 -0.00190264 0.0809932 0.0976806
internal_weight=0 1198 696 199 963 497 189 502 471 486 352 342 66 54 123 60 40 63 25 459 444 36 408 873 863 849 834 155 39 26
internal_count=2161 1198 696 199 963 497 189 502 471 486 352 342 66 54 123 60 40 63 25 459 444 36 408 873 863 849 834 155 39 26
is_linear=0
shrinkage=0.05


Tree=42
num_leaves=31
num_cat=0
split_feature=4 5 6 4 7 6 7 8 5 6 7 5 4 8 5 5 6 8 8 6 8 7 7 8 5 3 3 3 5 6
split_gain=460.797 82.0046 65.7796 64.4656 47.5684 54.9565 48.4759 40.1496 62.8594 52.2065 59.1801 46.5671 39.9905 38.08 36.8264 32.6354 30.2116 29.8711 29.4681 42.4719 42.1332 42.9917 93.3122 59.3827 57.9168 52.4026 131.062 46.2266 49.5064 43.0897
threshold=9.6874291666666696 14.721553333333334 19.094662202380956 2.5419877777777784 4.8512667519522177 13.934987996031747 3.8672876807830128 8.8930023240740752 7.6890293055555565 15.183102361111112 4.231640539183851 5.0351895833333353 28.065750277777784 12.651086856481482 8.2985854166666684 15.499278055555557 10.01152656746032 4.1010787361111118 11.094473587962964 15.428733511904765 15.779678750000002 4.0583417479326167 4.2607903464638319 16.621106370370374 26.574214444444447 30.500000000000004 262.50000000000006 21.500000000000004 16.288005138888892 19.429044067460321
decision_type=2 2 2 2 2 2 2 2 2 2 2 2 2 2 2 2 2 2 2 2 2 2 2 2 2 2 2 2 2 2
left_child=3 2 7 -1 6 -6 13 17 9 10 -9 -12 18 -5 -10 16 -8 -2 19 -3 -20 25 -23 -24 29 27 -27 28 -22 -25
right_child=1 12 -4 4 5 -7 15 8 14 -11 11 -13 -14 -15 -16 -17 -18 -19 20 -21 21 22 23 24 -26 26 -28 -29 -30 -31
leaf_value=-0.068440774614336328 0.065978843197226522 0.020186386257410042 0.12059039588157948 -0.022649323388163365 0.096262958976957538 -0.022797060988488653 -0.07904810137473621 0.030702234680453938 -0.075948529060070338 -0.043460373356938364 0.079748034796544465 0.22101848118007184 0.12991242408752443 0.075539906620979314 0.009405117606123288 -0.14904626120220532 0.023215548824518921 -0.023801160609120475 0.014120025144729532 0.16591191906481983 0.1408837835897099 -0.087558738755829202 -0.031735161619017953 0.071731543536721315 0.16599762222983622 0.25504099600017072 0.064020190519196066 -0.058718241751194 0.021426152178972233 -0.011555857273439567
leaf_weight=81 9.9999999999999982 10.000000000000002 12.999999999999998 786 18 21 26 27 12.999999999999998 9.9999999999999982 14.000000000000002 9.9999999999999982 10.999999999999998 9.9999999999999982 453 10.999999999999998 9.9999999999999982 126 209 9.9999999999999982 10.999999999999998 17 23 44 10.999999999999998 9.9999999999999982 88 12.999999999999998 41 24
leaf_count=81 10 10 13 786 18 21 26 27 13 10 14 10 11 10 453 11 10 126 209 10 11 17 23 44 11 10 88 13 41 24
internal_value=0 0.0207006 0.00920521 -0.0257521 -0.0218317 0.0321537 -0.0243293 0.00702118 0.0132717 0.0610002 0.0814827 0.138611 0.0355873 -0.0214158 0.00702401 -0.0736724 -0.0506415 -0.0171997 0.0335568 0.0930492 0.0311335 0.0437428 0.0208942 0.0389697 0.0595547 0.0604236 0.0835121 0.0256132 0.046696 0.042336
internal_weight=0 1198 676 963 882 39 843 663 527 61 51 24 522 796 466 47 36 136 511 20 491 282 119 102 79 163 98 65 52 68
internal_count=2161 1198 676 963 882 39 843 663 527 61 51 24 522 796 466 47 36 136 511 20 491 282 119 102 79 163 98 65 52 68
is_linear=0
shrinkage=0.05


Tree=43
num_leaves=31
num_cat=0
split_feature=4 5 6 7 8 3 8 7 8 7 5 6 0 7 6 6 5 8 5 3 7 3 3 7 3 7 8 8 4 6
split_gain=415.869 76.7616 58.211 49.6709 80.321 94.7791 90.3497 59.8863 45.8907 51.1969 45.5177 43.0595 42.9654 36.8802 55.2077 68.4661 35.2579 34.9201 35.0992 33.1921 49.7724 33.0487 38.3416 30.2497 64.7642 34.2192 54.377 36.4264 35.5928 34.4225
threshold=9.6874291666666696 18.106551944444451 4.0431576587301601 5.1240399889643804 13.86018352777778 340.50000000000006 12.738921236111112 5.7251623685473838 17.728348472222226 4.9520147064136184 16.663287777777782 14.296009265873019 4.5000000000000009 7.0622548343337384 14.704092261904764 13.442106646825398 15.988725694444446 8.8930023240740752 5.1725587500000012 301.50000000000006 2.9953956664961496 362.50000000000006 353.50000000000006 4.0583417479326167 30.500000000000004 4.1459099433085305 16.806132375000004 12.048307296296299 19.964358888888892 18.838256130952384
decision_type=2 2 2 2 2 2 2 2 2 2 2 2 2 2 2 2 2 2 2 2 2 2 2 2 2 2 2 2 2 2
left_child=2 3 -1 8 6 11 7 -5 9 17 16 -6 -13 14 15 19 -10 -2 -19 -4 -21 22 -20 24 -3 -25 27 -27 -29 -28
right_child=1 23 13 4 5 -7 -8 -9 10 -11 -12 12 -14 -15 -16 -17 -18 18 21 20 -22 -23 -24 25 -26 26 29 28 -30 -31
leaf_value=-0.062750955895624225 -0.017268442121594278 0.0016116800972006539 -0.026548281340038241 0.14347071040851564 -0.091589765537243628 0.11577590611322147 0.22758028253912929 0.0092098791962084564 0.050091112777590756 -0.097832992362479373 -0.0096861328767693568 -0.0084934327596177649 0.10345109134912492 0.074952101111412053 -0.11670975404481093 0.089713335183582141 0.15017338693141938 0.10432304698973893 0.0083201963827013985 -0.013625316387367284 0.062206016939419961 -0.080264481604099269 0.065500365564179028 -0.061796198934316642 0.083258941393591079 0.08036115008095901 0.11109626093120487 -0.041104748691558037 0.057991656288504605 0.031255559733620396
leaf_weight=90 129 33 679 12.999999999999998 12.999999999999998 19 9.9999999999999982 23 33 11.999999999999998 23 60 9.9999999999999982 9.9999999999999982 14.999999999999998 13.999999999999998 11.999999999999998 9.9999999999999982 540 129 26 9.9999999999999982 31 9.9999999999999982 92 11.999999999999998 27 37 11.999999999999998 27
leaf_count=90 129 33 679 13 13 19 10 23 33 12 23 60 10 10 15 14 12 10 540 129 26 10 31 10 92 12 27 37 12 27
internal_value=0 0.0196655 -0.0244645 0.013166 0.0397752 0.015039 0.094625 0.057693 0.00824336 0.00459341 0.0475339 -0.00802123 0.00749864 -0.0205174 -0.0216237 -0.0199418 0.0767797 0.00630052 0.011445 -0.0217825 -0.000905222 0.00984642 0.0114245 0.0443116 0.0617041 0.0269192 0.0346335 0.00228456 -0.0168362 0.0711759
internal_weight=0 1198 963 948 148 102 46 36 800 732 68 83 70 873 863 848 45 720 591 834 155 581 571 250 125 125 115 61 49 54
internal_count=2161 1198 963 948 148 102 46 36 800 732 68 83 70 873 863 848 45 720 591 834 155 581 571 250 125 125 115 61 49 54
is_linear=0
shrinkage=0.05


Tree=44
num_leaves=31
num_cat=0
split_feature=4 5 4 7 8 8 3 7 8 7 6 7 7 6 0 8 8 6 4 4 4 7 8 5 8 2 8 2 0 0
split_gain=375.322 69.2773 54.7143 44.828 72.5062 91.2521 84.6946 57.8488 41.437 41.06 47.5012 43.7741 40.8076 39.4733 38.1494 32.9052 30.9831 32.0384 32.4912 32.7707 32.916 42.0204 52.6511 51.9409 42.9576 65.9355 41.1208 59.6124 59.8146 54.4802
threshold=9.6874291666666696 18.106551944444451 2.5419877777777784 5.1240399889643804 13.673836981481482 12.651086856481482 340.50000000000006 5.7251623685473838 13.599917810185186 4.8512667519522177 13.934987996031747 3.8672876807830128 4.6575724448475757 14.296009265873019 4.5000000000000009 12.651086856481482 18.556032208333338 13.732970039682542 11.587367638888891 13.634561111111113 14.283275277777781 1.8466728855746435 17.767875333333336 16.125023888888894 14.601625615740742 5.5000000000000009 17.728348472222226 5.5000000000000009 3.5000000000000004 2.5000000000000004
decision_type=2 2 2 2 2 2 2 2 2 2 2 2 2 2 2 2 2 2 2 2 2 2 2 2 2 2 2 2 2 2
left_child=2 3 -1 8 5 7 13 -5 12 11 -11 15 -2 -6 -15 -4 17 -10 -19 -20 -21 22 23 -22 25 -23 27 29 -29 -26
right_child=1 -3 9 4 6 -7 -8 -9 16 10 -12 -13 -14 14 -16 -17 -18 18 19 20 21 24 -24 -25 26 -27 -28 28 -30 -31
leaf_value=-0.062569036357748659 2.1574744959720705e-05 0.042096032868325715 -0.020328028740569951 0.13629717560341725 -0.087010279527077308 0.2239377396553755 0.10998711103671475 0.0032614568417722528 0.055864325654692952 0.090129204094409943 -0.020560826501432098 -0.068839107485527684 -0.086781056757484168 -0.0070820742863093008 0.098278531432151803 0.070946103632450117 0.099018318671733149 -0.035332347382085794 0.052950073628184893 -0.05591567241483264 0.028342345729470243 0.16373960673809046 -0.032394109815359118 0.17259784780729276 -0.020289387132810512 0.0077481280834901904 0.040516787017030376 -0.033392851101802436 0.059514540565821034 -0.13832988642594393
leaf_weight=81 412 250 786 12.999999999999998 12.999999999999998 9.9999999999999982 19 22 47 18 21 47 13.999999999999998 61 9.9999999999999982 9.9999999999999982 11.999999999999998 33 52 18 12.000000000000002 10.000000000000002 9.9999999999999982 12.999999999999998 23 21 35 41 30 17
leaf_count=81 412 250 786 13 13 10 19 22 47 18 21 47 14 61 10 10 12 33 52 18 12 10 10 13 23 21 35 41 30 17
internal_value=0 0.0186823 -0.0232413 0.0125077 0.0377864 0.0907332 0.0146544 0.0526747 0.00783119 -0.0196295 0.0305269 -0.0219499 -0.00283109 -0.00690899 0.00775745 -0.0191814 0.0199759 0.0173557 0.01161 0.0171033 0.00899877 0.0145104 0.0645697 0.103355 0.00461164 0.058068 -0.00673868 -0.0216391 0.00586379 -0.0704566
internal_weight=0 1198 963 948 148 45 103 35 800 882 39 843 426 84 71 796 374 362 315 282 230 212 35 25 177 31 146 111 71 40
internal_count=2161 1198 963 948 148 45 103 35 800 882 39 843 426 84 71 796 374 362 315 282 230 212 35 25 177 31 146 111 71 40
is_linear=0
shrinkage=0.05


Tree=45
num_leaves=31
num_cat=0
split_feature=6 4 8 4 3 3 7 8 6 5 0 3 7 4 8 8 0 8 6 4 0 8 8 7 8 4 5 8 8 8
split_gain=341.119 67.9319 65.2307 57.6675 44.511 47.0348 46.8805 43.2249 41.6044 39.3991 44.7847 38.6552 56.916 49.8796 41.7024 38.1159 55.0673 99.4308 36.6935 51.6846 42.6052 44.3705 36.0439 71.3915 34.7995 51.8087 50.086 39.9109 69.9948 49.9654
threshold=11.333028730158732 6.8917488888888894 11.871306458333335 18.502768472222225 292.50000000000006 338.50000000000006 2.9953956664961496 3.4510294212962966 10.879743710317461 7.6890293055555565 3.5000000000000004 259.50000000000006 2.6184003589463525 13.327407500000001 7.9024847731481485 15.344892773148151 1.0000000180025095e-35 16.354906768518521 7.0347726388888896 5.1916847222222229 4.5000000000000009 6.9547292175925941 13.347453518518519 3.3721399402476409 18.206278481481487 23.088485000000002 22.186870555555558 14.563206925925927 13.599917810185186 11.094473587962964
decision_type=2 2 2 2 2 2 2 2 2 2 2 2 2 2 2 2 2 2 2 2 2 2 2 2 2 2 2 2 2 2
left_child=1 4 7 9 18 6 -6 -3 11 10 -2 12 -9 -13 -14 -11 17 -17 19 -1 21 -21 23 -4 27 -26 -27 28 29 -5
right_child=3 2 22 24 5 -7 -8 8 -10 15 -12 13 14 -15 -16 16 -18 -19 -20 20 -22 -23 -24 -25 25 26 -28 -29 -30 -31
leaf_value=-0.046232601770510279 0.024762298930436369 0.088500449210405355 0.027491942499406063 0.093428876954648243 -0.0045855806154363283 -0.078868949115276338 0.12788648395375773 -0.016855177815814186 -0.10480387566181332 0.0030655556285239171 0.15036653309891171 -0.0040899677274519996 -0.10169647907888568 0.10467190458015962 -0.0070896886237760033 0.20915334861386908 0.017899745538642705 0.028762124389410022 -0.065680121060298843 -0.065858149888332593 0.085048916576696304 0.032447647466324274 -0.017178931744659648 0.18469381839036944 0.12450324414031846 0.083897119015455227 -0.054699823666702618 0.017955055885542883 0.16987985131832273 -0.02438147697183821
leaf_weight=150 20.000000000000004 9.9999999999999982 26 18 17.000000000000004 9.9999999999999982 10.999999999999998 359 12.999999999999998 475 10.999999999999998 253 37 10.999999999999998 17 10.999999999999998 260 25 115 22 13.999999999999998 24 17 9.9999999999999982 28 16.000000000000004 10.999999999999998 139 12.999999999999998 18
leaf_count=150 20 10 26 18 17 10 11 359 13 475 11 253 37 11 17 11 260 25 115 22 14 24 17 10 28 16 11 139 13 18
internal_value=0 -0.019223 -0.0106579 0.0205291 -0.0369902 0.0142133 0.047457 -0.0147073 -0.0162031 0.0140637 0.0693315 -0.0145017 -0.024054 0.000441777 -0.0719129 0.0118415 0.0259246 0.0838817 -0.0429771 -0.0305445 0.00867582 -0.0145682 0.0428243 0.0711591 0.0418675 0.0768499 0.0274317 0.0316332 0.0704345 0.0345237
internal_weight=0 1116 753 1045 363 38 28 700 690 802 31 677 413 264 54 771 296 36 325 210 60 46 53 36 243 55 27 188 49 36
internal_count=2161 1116 753 1045 363 38 28 700 690 802 31 677 413 264 54 771 296 36 325 210 60 46 53 36 243 55 27 188 49 36
is_linear=0
shrinkage=0.05


Tree=46
num_leaves=31
num_cat=0
split_feature=4 5 4 7 8 3 8 7 8 7 5 4 7 6 7 6 0 5 7 8 7 3 7 4 7 8 8 4 0 6
split_gain=307.933 61.1422 46.8314 37.9221 64.6793 76.3975 72.6604 47.9561 35.1014 42.3979 41.1266 42.7138 35.0919 43.3772 37.6773 34.7681 34.3558 30.5037 29.2214 30.9809 27.3616 58.9604 32.8705 32.641 30.421 48.2934 32.6379 32.066 31.5745 40.715
threshold=9.6874291666666696 18.106551944444451 2.5419877777777784 5.1240399889643804 13.86018352777778 340.50000000000006 12.738921236111112 5.7251623685473838 17.728348472222226 4.9520147064136184 17.379186388888893 20.37111069444445 4.8512667519522177 13.934987996031747 3.8672876807830128 14.296009265873019 4.5000000000000009 15.499278055555557 3.4076211665339753 8.4937162638888903 4.0583417479326167 30.500000000000004 2.9664641033514263 17.023250416666674 4.1459099433085305 16.806132375000004 12.048307296296299 19.964358888888892 5.5000000000000009 18.938009583333336
decision_type=2 2 2 2 2 2 2 2 2 2 2 2 2 2 2 2 2 2 2 2 2 2 2 2 2 2 2 2 2 2
left_child=2 3 -1 8 6 15 7 -5 9 -2 11 -10 14 -14 18 -6 -17 -16 -4 -20 21 23 -23 -3 -22 26 -26 -28 29 -27
right_child=1 20 12 4 5 -7 -8 -9 10 -11 -12 -13 13 -15 17 16 -18 -19 19 -21 24 22 -24 -25 25 28 27 -29 -30 -31
leaf_value=-0.057436186455788067 0.0051815179591009541 -0.067660086229443556 -0.019576084439470811 0.12723157784113517 -0.083622172990670582 0.10261664994453129 0.20282338930293919 0.0070860623017601349 0.038299922941331853 -0.08958195596933366 -0.047332225062630399 0.15209996461868289 0.085614382723967236 -0.020161622757136469 -0.04109080357270109 -0.0088838336132600181 0.091218299642205236 -0.1362273695794019 -0.0149594637642925 0.070501643752581208 -0.061270112842321402 0.045482281467152968 0.10527000397523033 0.035713295461166472 0.073069834057241684 0.13424218992392223 -0.041969115271962981 0.052089516197641697 -0.0038104793200126061 0.034560674279928205
leaf_weight=81 720 11.999999999999998 753 12.999999999999998 12.999999999999998 19 9.9999999999999982 23 47 11.999999999999998 10.999999999999998 9.9999999999999982 18 21 36 60 9.9999999999999982 10.999999999999998 24 19 9.9999999999999982 45 47 21 11.999999999999998 21 37 11.999999999999998 12.999999999999998 20
leaf_count=81 720 12 753 13 13 19 10 23 47 12 11 10 18 21 36 60 10 11 24 19 10 45 47 21 12 21 37 12 13 20
internal_value=0 0.0169221 -0.0210516 0.0111215 0.0343717 0.0121743 0.0835918 0.0504719 0.00682019 0.00362802 0.041183 0.0582648 -0.0177102 0.0286581 -0.0198553 -0.00852934 0.00541647 -0.0633568 -0.0172868 0.0228024 0.0389183 0.0554596 0.076026 -0.00187703 0.0223769 0.0296506 -0.000835165 -0.0189343 0.0640882 0.0856171
internal_weight=0 1198 963 948 148 102 46 36 800 732 68 57 882 39 843 83 70 47 796 43 250 125 92 33 125 115 61 49 54 41
internal_count=2161 1198 963 948 148 102 46 36 800 732 68 57 882 39 843 83 70 47 796 43 250 125 92 33 125 115 61 49 54 41
is_linear=0
shrinkage=0.05


Tree=47
num_leaves=31
num_cat=0
split_feature=6 4 8 3 3 3 8 5 4 5 5 5 0 6 4 5 5 3 4 6 3 3 7 6 7 7 8 5 8 6
split_gain=281.348 57.5079 56.6692 48.0623 98.5684 98.5569 48.701 41.1794 48.3342 47.1518 47.3333 55.8472 47.4739 45.3367 39.8347 42.0741 60.4593 60.8652 55.2791 39.537 39.1505 42.2611 41.5489 38.7862 45.7368 38.5918 36.9133 35.5828 116.4 40.3123
threshold=11.333028730158732 6.8917488888888894 11.871306458333335 353.50000000000006 363.50000000000006 351.50000000000006 17.808579777777783 7.6890293055555565 13.149361666666669 10.438731111111112 19.903467638888895 17.882684027777781 4.5000000000000009 15.23746801587302 28.065750277777784 10.750139027777779 14.026637777777779 329.50000000000006 23.088485000000002 10.879743710317461 292.50000000000006 338.50000000000006 2.9953956664961496 12.229713234126985 6.3151204899505933 2.3732542488896926 3.4510294212962966 24.158181388888892 16.876161120370377 19.429044067460321
decision_type=2 2 2 2 2 2 2 2 2 2 2 2 2 2 2 2 2 2 2 2 2 2 2 2 2 2 2 2 2 2
left_child=1 20 19 5 6 7 -5 23 9 25 11 -11 -12 -13 15 -10 17 -17 27 26 -1 22 -22 -2 -25 -9 -3 29 -29 -18
right_child=3 2 -4 4 -6 -7 -8 8 14 10 12 13 -14 -15 -16 16 18 -19 -20 -21 21 -23 -24 24 -26 -27 -28 28 -30 -31
leaf_value=-0.039419966072417226 0.15355465067550542 0.083645561784505842 0.040271793667859629 0.061127496282648991 -0.066198118935738293 -0.11621927556448751 0.17572250312024898 0.013542067141970615 0.071022044438868767 0.0046856087452363014 -0.1260816469788551 0.16015727411616928 0.00084771564682288201 0.016603822328827598 0.1134506084645788 -0.02007760388336869 0.036250992393214873 0.058208963945508008 -0.02936707281482381 -0.099734863295004916 -0.0032661440617897928 -0.074015947282314296 0.12144582982767711 0.090111166425049294 -0.046199451833963401 -0.11024482613977266 -0.013125553572306409 -0.033257869780063613 0.19364451078268199 -0.023612170113671213
leaf_weight=325 9.9999999999999982 9.9999999999999982 53 59 13.999999999999998 13.999999999999998 10.999999999999998 10.000000000000002 40 212 13.000000000000002 11.000000000000002 17 10.999999999999998 11.999999999999998 144 303 30 37 12.999999999999998 17.000000000000004 9.9999999999999982 10.999999999999998 16.000000000000004 9.9999999999999982 17 677 10.000000000000002 12.999999999999998 31
leaf_count=325 10 10 53 59 14 14 11 10 40 212 13 11 17 11 12 144 303 30 37 13 17 10 11 16 10 17 677 10 13 31
internal_value=0 -0.0174579 -0.00957728 0.018644 0.054913 0.0154737 0.0791353 0.0174206 0.015348 -0.00146279 0.00497375 0.0125544 -0.054155 0.0883805 0.0232382 0.0214577 0.0179672 -0.00657992 0.0288078 -0.0133516 -0.0338051 0.0142163 0.0457278 0.0698703 0.037684 -0.0643978 -0.0117169 0.0348372 0.0949913 0.0306948
internal_weight=0 1116 753 1045 84 961 70 947 911 291 264 234 30 22 620 608 568 174 394 700 363 38 28 36 26 27 687 357 23 334
internal_count=2161 1116 753 1045 84 961 70 947 911 291 264 234 30 22 620 608 568 174 394 700 363 38 28 36 26 27 687 357 23 334
is_linear=0
shrinkage=0.05


Tree=48
num_leaves=31
num_cat=0
split_feature=6 4 8 4 6 3 3 7 6 4 0 8 8 8 6 7 4 4 8 7 5 0 8 6 4 4 0 0 8 0
split_gain=253.917 51.9009 51.1439 43.8012 36.1083 35.3334 38.1406 37.4979 34.3401 45.077 38.4188 40.0025 34.3123 37.3071 50.9223 44.7327 44.1731 32.4612 32.159 62.4604 31.6922 37.6283 32.1593 49.328 44.2276 53.8708 41.4988 84.2065 56.1284 38.4005
threshold=11.333028730158732 6.8917488888888894 11.871306458333335 18.502768472222225 10.575038075396828 292.50000000000006 338.50000000000006 2.9953956664961496 7.0347726388888896 5.1916847222222229 4.5000000000000009 6.9547292175925941 4.1010787361111118 7.6394294074074089 6.4660793055555565 2.3414029269865786 13.698850416666669 7.185358472222223 13.347453518518519 3.3721399402476409 7.6890293055555565 3.5000000000000004 15.344892773148151 13.835138134920637 12.899711388888891 15.103325972222224 3.5000000000000004 1.5000000000000002 17.249400476851854 3.5000000000000004
decision_type=2 2 2 2 2 2 2 2 2 2 2 2 2 2 2 2 2 2 2 2 2 2 2 2 2 2 2 2 2 2
left_child=1 5 4 20 12 8 7 -7 9 -1 11 -11 -3 15 -15 17 -16 -14 19 -4 21 -2 -22 -24 29 26 27 28 -26 -25
right_child=3 2 18 -5 -6 6 -8 -9 -10 10 -12 -13 13 14 16 -17 -18 -19 -20 -21 22 -23 23 24 25 -27 -28 -29 -30 -31
leaf_value=-0.040072681064407034 0.020792195275425907 0.064365322093168906 0.024177955212787941 0.036308619716116555 -0.06937965570983512 -0.0031028389930725093 -0.070315150320529943 0.11537354087287731 -0.059411887869886729 -0.059566540753638202 0.083729779879961705 0.033775067258587414 0.045656775016533702 0.10734469003975391 -0.0091097399338305879 -0.067584514464333389 0.097170114852488054 -0.024526329742812162 -0.018419209385619445 0.17121845200657845 0.0020229326004015382 0.13592440052465959 0.13217753174481914 0.012583306726301089 0.18950723439455028 0.012167343340155221 0.10735669052228332 -0.03620253275995227 0.025835198909044267 -0.067417162486041585
leaf_weight=150 20.000000000000004 14.999999999999998 26 243 27 17.000000000000004 9.9999999999999982 10.999999999999998 115 22 13.999999999999998 24 19 9.9999999999999982 438 57 9.9999999999999982 124 17 9.9999999999999982 475 10.999999999999998 9.9999999999999982 40 10.000000000000002 147 32 22 10.999999999999998 24
leaf_count=150 20 15 26 243 27 17 10 11 115 22 14 24 19 10 438 57 10 124 17 10 475 11 10 40 10 147 32 22 11 24
internal_value=0 -0.016585 -0.00909842 0.0177118 -0.012684 -0.0321149 0.0135055 0.0434415 -0.037449 -0.0254217 0.0112059 -0.0108666 -0.0104094 -0.012114 -0.00424655 -0.0301305 -0.00673742 -0.0152013 0.0382582 0.0650225 0.0120771 0.0616456 0.0100841 0.02302 0.0192033 0.0297604 0.0642429 0.0321582 0.103774 -0.0174169
internal_weight=0 1116 753 1045 700 363 38 28 325 210 60 46 673 658 458 200 448 143 53 36 802 31 771 296 286 222 75 43 21 64
internal_count=2161 1116 753 1045 700 363 38 28 325 210 60 46 673 658 458 200 448 143 53 36 802 31 771 296 286 222 75 43 21 64
is_linear=0
shrinkage=0.05


Tree=49
num_leaves=31
num_cat=0
split_feature=6 4 8 3 3 3 8 6 6 6 3 7 3 6 3 5 3 8 5 3 2 5 5 6 6 4 5 3 6 8
split_gain=229.16 46.8406 46.1574 43.1681 88.9966 87.8731 43.5888 34.6162 50.9282 107.842 55.8083 89.6151 49.3868 48.4579 66.572 38.5961 91.0734 37.4943 37.3751 37.2722 60.1342 35.8384 47.8862 43.6545 35.3261 35.2392 39.3426 40.7699 48.5775 47.1819
threshold=11.333028730158732 6.8917488888888894 11.871306458333335 353.50000000000006 363.50000000000006 351.50000000000006 17.808579777777783 17.242059226190481 17.835522817460323 18.067310892857147 79.500000000000014 5.4750107284230847 4.5000000000000009 16.78999565476191 149.50000000000003 16.125023888888894 13.500000000000002 17.679649745370373 16.288005138888892 36.500000000000007 8.5000000000000018 25.844183750000003 17.449892638888894 20.334195257936511 17.678947976190482 16.459661666666669 7.6890293055555565 327.50000000000006 13.985002420634924 12.738921236111112
decision_type=2 2 2 2 2 2 2 2 2 2 2 2 2 2 2 2 2 2 2 2 2 2 2 2 2 2 2 2 2 2
left_child=1 -1 -3 5 6 7 -5 12 19 -10 21 -12 -2 15 17 16 -14 -15 -17 -9 -21 22 -11 -24 -22 26 -18 28 -28 -30
right_child=3 2 -4 4 -6 -7 -8 8 9 10 11 -13 13 14 -16 18 25 -19 -20 20 24 -23 23 -25 -26 -27 27 -29 29 -31
leaf_value=-0.03050914639228642 -0.099991013407707219 -0.012049789816814675 0.036345295047492919 0.057178733257924101 -0.063881557727498678 -0.11052869467863016 0.16559242931279272 -0.0073793185874819756 -0.085920018578569096 0.10243162352305193 0.044516427322941005 -0.066066032781132641 0.13378474770912105 -0.17320062845945353 0.0094777309788124913 0.12913599893450739 0.059835002514655178 -0.039428393475034018 0.029733905784957028 0.18833528883182085 0.007225345075130462 0.14555798964574934 0.053184455827526428 -0.064457923546433454 0.12854814648628235 0.029165649254285143 0.0032324494443719503 0.040173605055763173 0.048090202387954507 -0.049467509803232841
leaf_weight=363 9.9999999999999982 700 53 59 13.999999999999998 13.999999999999998 10.999999999999998 9.9999999999999982 21 26 53 28 13.999999999999998 10.000000000000002 35 9.9999999999999982 23 10.999999999999998 174 12.999999999999998 15.000000000000002 11.999999999999998 23 11.999999999999998 9.9999999999999982 109 167 39 13.999999999999998 108
leaf_count=363 10 700 53 59 14 14 11 10 21 26 53 28 14 10 35 10 23 11 174 13 15 12 23 12 10 109 167 39 14 108
internal_value=0 -0.0157557 -0.0086435 0.0168262 0.051199 0.0138217 0.0742152 0.01566 0.0328847 0.0203707 0.0348649 0.00629039 0.0103546 0.0119001 -0.03275 0.0157001 0.00815529 -0.103129 0.0351362 0.0785089 0.101111 0.0665708 0.0510323 0.0128499 0.0557545 0.00433179 -0.00338015 -0.00781292 -0.0142886 -0.0382724
internal_weight=0 1116 753 1045 84 961 70 947 223 175 154 81 724 714 56 658 474 21 184 48 38 73 61 35 25 460 351 328 289 122
internal_count=2161 1116 753 1045 84 961 70 947 223 175 154 81 724 714 56 658 474 21 184 48 38 73 61 35 25 460 351 328 289 122
is_linear=0
shrinkage=0.05


Tree=50
num_leaves=31
num_cat=0
split_feature=6 4 6 7 3 0 3 3 3 8 8 7 3 8 2 6 3 2 5 4 5 4 5 5 5 0 6 5 5 3
split_gain=206.817 43.0774 39.6862 77.7986 50.233 61.2394 38.9593 80.3195 79.3054 39.3389 37.3026 48.3242 53.8688 42.841 42.1947 35.4163 33.898 52.6108 31.7934 39.7603 36.5515 31.7393 41.5403 42.5748 49.5329 41.2013 40.8063 38.2999 48.9254 52.5749
threshold=11.333028730158732 5.6746701388888896 6.2446280555555571 2.4605897122135487 161.50000000000003 3.5000000000000004 353.50000000000006 363.50000000000006 351.50000000000006 17.808579777777783 7.6601629212962967 3.3721399402476409 312.50000000000006 4.1010787361111118 8.5000000000000018 11.013945535714287 301.50000000000006 11.500000000000002 7.6890293055555565 28.065750277777784 5.7889169444444457 13.149361666666669 10.438731111111112 19.903467638888895 17.882684027777781 4.5000000000000009 15.23746801587302 10.750139027777779 14.026637777777779 329.50000000000006
decision_type=2 2 2 2 2 2 2 2 2 2 2 2 2 2 2 2 2 2 2 2 2 2 2 2 2 2 2 2 2 2
left_child=1 16 3 4 5 -3 8 9 18 -8 13 15 -13 -4 -15 -12 -1 -18 20 21 -2 22 -20 24 -24 -25 -26 -23 29 -29
right_child=6 2 10 -5 -6 -7 7 -9 -10 -11 11 12 -14 14 -16 -17 17 -19 19 -21 -22 27 23 25 26 -27 -28 28 -30 -31
leaf_value=-0.040392728492185052 0.0046350165837793613 -0.068330574482679346 0.073644311577081678 -0.043566265426900078 0.13683791901258863 0.10263109965757891 0.054319796940090807 -0.060687479855758814 -0.10500225935663497 0.15731280500238592 -0.0081229014322774396 0.015886784820076157 0.14322729008272292 -0.042974461498204622 0.00423605970197147 -0.088812104293278293 0.084884293377399445 -0.065273933559656133 -0.060802336271714288 0.1034676382939021 0.10602595537900926 0.065637669749557967 0.0040894862156765502 -0.11877389286573113 0.15100721879438916 -0.0005269484923166388 0.01481500972401012 -0.019608359719374371 0.024770249925532527 0.053151503155628846
leaf_weight=211 15.999999999999998 10.000000000000002 9.9999999999999982 23 17 10.999999999999998 59 13.999999999999998 13.999999999999998 10.999999999999998 475 49 9.9999999999999982 200 62 13.999999999999998 14 10 27 11.999999999999998 20 40 212 13.000000000000002 11.000000000000002 17 10.999999999999998 144 394 30
leaf_count=211 16 10 10 23 17 11 59 14 14 11 475 49 10 200 62 14 14 10 27 12 20 40 212 13 11 17 11 144 394 30
internal_value=0 -0.0149679 -0.00989441 0.029014 0.0729442 0.0212208 0.0159849 0.0486391 0.0131306 0.0705044 -0.0127888 -0.00527559 0.0374699 -0.0279258 -0.0318025 -0.010433 -0.0339882 0.0223184 0.014877 0.0130558 0.0609633 0.011849 -0.00173081 0.00431059 0.0115001 -0.0517673 0.0829111 0.0183486 0.0150183 -0.00706356
internal_weight=0 1116 881 61 38 21 1045 84 961 70 820 548 59 272 262 489 235 24 947 911 36 899 291 264 234 30 22 608 568 174
internal_count=2161 1116 881 61 38 21 1045 84 961 70 820 548 59 272 262 489 235 24 947 911 36 899 291 264 234 30 22 608 568 174
is_linear=0
shrinkage=0.05


Tree=51
num_leaves=31
num_cat=0
split_feature=6 6 8 3 3 3 8 5 6 6 6 3 7 3 6 3 6 3 2 5 5 6 3 5 5 8 4 8 4 3
split_gain=186.652 39.8807 43.9909 35.4975 69.7718 51.7912 34.7237 40.7318 31.8222 47.1578 97.5757 48.588 81.9692 43.4241 42.8606 61.7682 54.307 35.1334 50.95 31.8957 43.3771 39.2929 30.1005 63.2882 44.8552 37.9334 71.6783 75.1233 65.1952 43.9074
threshold=11.333028730158732 4.0431576587301601 3.7752177546296299 352.50000000000006 363.50000000000006 350.50000000000006 15.987528509259262 17.263206111111113 17.242059226190481 17.835522817460323 18.067310892857147 79.500000000000014 5.4750107284230847 4.5000000000000009 16.78999565476191 311.50000000000006 17.030610892857148 36.500000000000007 8.5000000000000018 25.844183750000003 17.449892638888894 20.334195257936511 13.500000000000002 14.641699583333335 16.125023888888894 15.779678750000002 12.521273750000001 17.808579777777783 15.681431388888891 95.500000000000014
decision_type=2 2 2 2 2 2 2 2 2 2 2 2 2 2 2 2 2 2 2 2 2 2 2 2 2 2 2 2 2 2
left_child=1 -1 -3 5 6 8 7 -5 13 17 -11 19 -13 -2 22 16 -16 -10 -19 20 -12 -22 23 -15 -24 29 -27 28 -28 -26
right_child=3 2 -4 4 -6 -7 -8 -9 9 10 11 12 -14 14 15 -17 -18 18 -20 -21 21 -23 24 -25 25 26 27 -29 -30 -31
leaf_value=-0.046132813275584744 -0.094790214598178879 0.083751188218593606 -0.012546404718875581 0.063137768864631655 -0.057653102548127735 -0.083121027903897429 0.09515444506414053 -0.052319665185429833 -0.0074825105443596844 -0.082563875366135367 0.096130518586589747 0.042596317956653924 -0.063514484621451373 0.15654151791876009 -0.13728105021531092 0.033432042818855159 -0.010898080468177796 0.17757646441459657 0.053737343070299731 0.13638576486458381 0.049137280921897168 -0.062473540132244432 0.0034869088016055913 -0.009496755960086983 0.07544989297166467 -0.027099580084905029 0.2346298710866408 -0.006803889372027837 0.086631530247952629 -0.001035819012606733
leaf_weight=90 9.9999999999999982 11.999999999999998 1014 25 13.999999999999998 13.999999999999998 41 10.999999999999998 9.9999999999999982 21 26 52 28 11.000000000000002 17 22 17 12.999999999999998 23 11.999999999999998 23 11.999999999999998 458 11.999999999999998 24 15.999999999999998 10.999999999999998 12.999999999999998 23 86
leaf_count=90 10 12 1014 25 14 14 41 11 10 21 26 52 28 11 17 22 17 13 23 12 23 12 458 12 24 16 11 13 23 86
internal_value=0 -0.0142195 -0.0114201 0.0151856 0.0450233 0.0123395 0.0636917 0.0278591 0.0137612 0.030404 0.0185015 0.0323732 0.00545754 0.00867595 0.0101332 -0.0318489 -0.0740896 0.0754267 0.098457 0.0618698 0.047211 0.0108707 0.013728 0.0699129 0.0116801 0.0333707 0.0643081 0.0954256 0.134513 0.015652
internal_weight=0 1116 1026 1045 91 954 77 36 940 220 174 153 80 720 710 56 34 46 36 73 61 35 654 23 631 173 63 47 34 110
internal_count=2161 1116 1026 1045 91 954 77 36 940 220 174 153 80 720 710 56 34 46 36 73 61 35 654 23 631 173 63 47 34 110
is_linear=0
shrinkage=0.05


Tree=52
num_leaves=31
num_cat=0
split_feature=4 5 4 7 4 6 7 5 3 3 3 7 8 3 5 6 0 6 8 7 3 4 6 6 0 7 8 6 8 8
split_gain=169.793 40.4386 31.709 28.1283 37.4651 56.2463 29.4583 29.3972 27.0964 43.2308 33.8048 62.5472 41.2893 80.8582 75.4727 46.5223 84.3065 42.1952 38.8313 37.5512 35.1128 58.9999 36.601 68.5256 42.6901 29.3347 53.9488 73.8275 53.8922 31.0507
threshold=9.6874291666666696 18.106551944444451 2.5419877777777784 4.8512667519522177 5.5162366666666678 13.934987996031747 3.8672876807830128 15.499278055555557 362.50000000000006 352.50000000000006 77.500000000000014 1.8105520768799963 14.563206925925927 60.500000000000007 10.370993472222223 18.659473353174608 1.0000000180025095e-35 15.75261371031746 17.728348472222226 3.4338024819359259 171.50000000000003 24.244474722222225 17.914492678571431 17.335277500000004 1.5000000000000002 3.6349568114771285 12.689844185185187 13.779962797619048 14.537980476851853 13.599917810185186
decision_type=2 2 2 2 2 2 2 2 2 2 2 2 2 2 2 2 2 2 2 2 2 2 2 2 2 2 2 2 2 2
left_child=2 8 -1 6 -5 -6 -4 -8 9 10 11 -2 13 14 -13 16 -14 19 -19 -18 25 22 23 -22 -24 26 -12 -28 -29 -27
right_child=1 -3 3 4 5 -7 7 -9 -10 -11 20 12 15 -15 -16 -17 17 18 -20 -21 21 -23 24 -25 -26 29 27 28 -30 -31
leaf_value=-0.045571313862815321 -0.0092501289643613354 0.030454214188456535 -0.012531967859934016 -0.049556060812690039 0.15442382961511608 0.0065267216828134335 -0.031409865529793836 -0.12480498572642154 -0.074021316971629864 0.053486463317976275 -0.052098797316904422 0.24780212827026837 0.12049211082048715 0.0098038639703934838 0.07269992568762973 0.097062664561801487 0.089801909960806378 -0.095016142995847902 0.006636475727838629 -0.019381467387494116 0.0044789428782687126 0.12716852083802224 0.024055868387222283 0.11693152465990611 -0.097693736768431141 -0.12157496944069864 0.123672643606551 0.057692016661167134 -0.076338050862153381 -0.028312200598463594
leaf_weight=81 98 250 796 10.999999999999998 10.000000000000002 18 36 10.999999999999998 9.9999999999999982 51 27 10.000000000000002 13.999999999999998 22 15.999999999999998 18 13.999999999999998 21 17 18 419 9.9999999999999982 12.000000000000002 13.999999999999998 18 9.9999999999999982 15.999999999999998 15.000000000000002 14.999999999999998 83
leaf_count=81 98 250 796 11 10 18 36 11 10 51 27 10 14 22 16 18 14 21 17 18 419 10 12 14 18 10 16 15 15 83
internal_value=0 0.0125657 -0.0156321 -0.0128826 0.0286308 0.0593471 -0.0148032 -0.0532683 0.00784829 0.0087211 0.00614722 0.0218155 0.0421118 0.0803522 0.140047 0.0241163 0.00848489 -0.0139166 -0.04954 0.0283863 6.62421e-05 0.0070097 0.00441447 0.00811482 -0.0489939 -0.0197184 0.00400554 0.0369363 -0.00932302 -0.0383405
internal_weight=0 1198 963 882 39 28 843 47 948 938 887 248 150 48 26 102 84 70 38 32 639 473 463 433 30 166 73 46 30 93
internal_count=2161 1198 963 882 39 28 843 47 948 938 887 248 150 48 26 102 84 70 38 32 639 473 463 433 30 166 73 46 30 93
is_linear=0
shrinkage=0.05


Tree=53
num_leaves=31
num_cat=0
split_feature=6 4 8 6 5 7 5 6 4 5 8 6 7 0 6 3 5 8 8 6 4 7 4 3 3 7 3 3 3 8
split_gain=153.916 34.0566 39.1547 33.1865 31.5374 40.0675 31.15 51.9084 41.0975 40.821 36.8686 47.9025 42.61 71.3411 44.8387 33.8881 35.0341 45.9338 37.6703 51.1369 59.1479 64.9007 51.9595 37.2018 36.0962 33.7733 91.6097 65.0976 56.7857 67.0425
threshold=11.333028730158732 6.8917488888888894 11.871306458333335 10.575038075396828 9.1079522222222238 3.3721399402476409 7.6890293055555565 15.183102361111112 26.655542638888893 5.7889169444444457 17.429635523148153 15.3934764484127 5.4750107284230847 1.5000000000000002 17.60563922619048 4.5000000000000009 9.0729425000000017 11.094473587962964 13.599917810185186 13.779962797619048 9.817270416666668 3.8209537604189014 9.817270416666668 211.50000000000003 171.50000000000003 2.2432046690534606 81.500000000000014 312.50000000000006 283.50000000000006 13.146280629629631
decision_type=2 2 2 2 2 2 2 2 2 2 2 2 2 2 2 2 2 2 2 2 2 2 2 2 2 2 2 2 2 2
left_child=1 -1 3 -3 -4 -6 7 9 10 -2 15 -12 -13 -14 -15 -8 -17 23 25 20 -20 24 -21 -18 -22 -19 -27 28 29 -28
right_child=6 2 4 -5 5 -7 8 -9 -10 -11 11 12 13 14 -16 16 17 18 19 22 21 -23 -24 -25 -26 26 27 -29 -30 -31
leaf_value=-0.025492584435448828 0.032250695588688053 -0.0078047112617948295 -0.036705083772540094 -0.06433877259906795 0.015911461643874646 0.11723913261666895 -0.074305600959521087 -0.036401482908563182 0.079631127958947973 0.148899697860082 0.12285619968405137 0.010155764083121566 -0.023385514531816757 0.048835029567663474 0.17779140429837365 -0.066126699466258293 0.0078567974801574438 0.0097329928729759201 0.1610322226600891 -0.078879476820721356 0.13344061017036435 -0.039339249345817062 0.010354122347060112 0.086214310201731592 0.021808296116068961 0.1153173604607582 -0.027721494311174634 0.0095224298345736973 -0.16991839433709782 -0.16930898129940034
leaf_weight=363 15.000000000000002 673 11.999999999999998 27 25 15.999999999999998 12.999999999999998 10.999999999999998 22 14.999999999999998 12.999999999999998 138 13.999999999999998 13.000000000000002 13.999999999999998 15.999999999999998 28 98 10.999999999999998 17 15.000000000000002 19 404 33 13.999999999999998 9.9999999999999982 51 39 11.999999999999998 9.9999999999999982
leaf_count=363 15 673 12 27 25 16 13 11 22 15 13 138 14 13 14 16 28 98 11 17 15 19 404 33 14 10 51 39 12 10
internal_value=0 -0.0129125 -0.00684803 -0.00998531 0.0345878 0.055454 0.0137898 0.0565083 0.0120454 0.0905752 0.0105312 0.0301831 0.0234527 0.0682082 0.115701 0.00575505 0.00709454 0.00863402 0.00500775 0.0128603 0.0564548 0.0324892 0.00675087 0.0502469 0.0795491 -0.0121251 -0.0296833 -0.0426297 -0.0704919 -0.0509326
internal_weight=0 1116 753 700 53 41 1045 41 1004 30 982 192 179 41 27 790 777 761 700 480 59 48 421 61 29 220 122 112 73 61
internal_count=2161 1116 753 700 53 41 1045 41 1004 30 982 192 179 41 27 790 777 761 700 480 59 48 421 61 29 220 122 112 73 61
is_linear=0
shrinkage=0.05


end of trees

feature_importances:
lag_1d=304
rolling_mean_30d=263
lag_7d=240
rolling_mean_7d=225
rolling_std_7d=222
day_of_year=206
day_of_week=132
month=28

parameters:
[boosting: gbdt]
[objective: regression]
[metric: l2]
[tree_learner: serial]
[device_type: cpu]
[data_sample_strategy: bagging]
[data: ]
[valid: ]
[num_iterations: 300]
[learning_rate: 0.05]
[num_leaves: 31]
[num_threads: 10]
[seed: 42]
[deterministic: 0]
[force_col_wise: 0]
[force_row_wise: 0]
[histogram_pool_size: -1]
[max_depth: -1]
[min_data_in_leaf: 10]
[min_sum_hessian_in_leaf: 0.001]
[bagging_fraction: 1]
[pos_bagging_fraction: 1]
[neg_bagging_fraction: 1]
[bagging_freq: 0]
[bagging_seed: 400]
[feature_fraction: 1]
[feature_fraction_bynode: 1]
[feature_fraction_seed: 30056]
[extra_trees: 0]
[extra_seed: 12879]
[early_stopping_round: 0]
[early_stopping_min_delta: 0]
[first_metric_only: 0]
[max_delta_step: 0]
[lambda_l1: 0]
[lambda_l2: 0]
[linear_lambda: 0]
[min_gain_to_split: 0]
[drop_rate: 0.1]
[max_drop: 50]
[skip_drop: 0.5]
[xgboost_dart_mode: 0]
[uniform_drop: 0]
[drop_seed: 17869]
[top_rate: 0.2]
[other_rate: 0.1]
[min_data_per_group: 100]
[max_cat_threshold: 32]
[cat_l2: 10]
[cat_smooth: 10]
[max_cat_to_onehot: 4]
[top_k: 20]
[monotone_constraints: ]
[monotone_constraints_method: basic]
[monotone_penalty: 0]
[feature_contri: ]
[forcedsplits_filename: ]
[refit_decay_rate: 0.9]
[cegb_tradeoff: 1]
[cegb_penalty_split: 0]
[cegb_penalty_feature_lazy: ]
[cegb_penalty_feature_coupled: ]
[path_smooth: 0]
[interaction_constraints: ]
[verbosity: 1]
[saved_feature_importance_type: 0]
[use_quantized_grad: 0]
[num_grad_quant_bins: 4]
[quant_train_renew_leaf: 0]
[stochastic_rounding: 1]
[linear_tree: 0]
[max_bin: 255]
[max_bin_by_feature: ]
[min_data_in_bin: 3]
[bin_construct_sample_cnt: 200000]
[data_random_seed: 175]
[is_enable_sparse: 1]
[enable_bundle: 1]
[use_missing: 1]
[zero_as_missing: 0]
[feature_pre_filter: 1]
[pre_partition: 0]
[two_round: 0]
[header: 0]
[label_column: ]
[weight_column: ]
[group_column: ]
[ignore_column: ]
[categorical_feature: ]
[forcedbins_filename: ]
[precise_float_parser: 0]
[parser_config_file: ]
[objective_seed: 16083]
[num_class: 1]
[is_unbalance: 0]
[scale_pos_weight: 1]
[sigmoid: 1]
[boost_from_average: 1]
[reg_sqrt: 0]
[alpha: 0.9]
[fair_c: 1]
[poisson_max_delta_step: 0.7]
[tweedie_variance_power: 1.5]
[lambdarank_truncation_level: 30]
[lambdarank_norm: 1]
[label_gain: ]
[lambdarank_position_bias_regularization: 0]
[eval_at: ]
[multi_error_top_k: 1]
[auc_mu_weights: ]
[num_machines: 1]
[local_listen_port: 12400]
[time_out: 120]
[machine_list_filename: ]
[machines: ]
[gpu_platform_id: -1]
[gpu_device_id: -1]
[gpu_use_dp: 0]
[num_gpu: 1]

end of parameters

pandas_categorical:[]
